Cube Name,Cube Price,Cube Link
MoYu RS3 M 2020 3x3 - Stickerless (Bright),LE 171.44,https://speedcubeshop.com/collections/3x3-speed-cubes/products/moyu-rs3-m-2020-3x3
YuXin Little Magic 3x3 - Stickerless (Bright),LE 94.82,https://speedcubeshop.com/collections/3x3-speed-cubes/products/yuxin-little-magic-3x3
JPerm RS3 M 2020 3x3 - Stickerless (Bright),LE 477.93,https://speedcubeshop.com/collections/3x3-speed-cubes/products/jperm-rs3-m-2020-3x3
GAN 11 M Pro 3x3 - Stickerless (Bright),"starting at LE 1,052.59",https://speedcubeshop.com/collections/3x3-speed-cubes/products/gan-11-m-pro-3x3
QiYi MS Magnetic 3x3 - Stickerless (Bright),LE 152.29,https://speedcubeshop.com/collections/3x3-speed-cubes/products/qiyi-ms-magnetic-3x3-speedcube
GAN 356 XS Magnetic 3x3 - Stickerless (Bright),LE 765.26,https://speedcubeshop.com/collections/3x3-speed-cubes/products/gan-356-xs-magnetic-3x3
MoYu RS3 M 2021 3x3 (MagLev) - Stickerless (Bright),LE 267.22,https://speedcubeshop.com/collections/3x3-speed-cubes/products/moyu-rs3-m-2021-3x3-maglev
GAN 12 M 3x3 - Stickerless (Bright),"starting at LE 1,282.46",https://speedcubeshop.com/collections/3x3-speed-cubes/products/gan-12-m-3x3
X-Man Tornado V2 3x3 Magnetic - Stickerless (Bright),LE 477.93,https://speedcubeshop.com/collections/3x3-speed-cubes/products/x-man-tornado-v2-magnetic-3x3
QiYi Thunderclap V3 M 3x3 - Stickerless (Bright),LE 190.60,https://speedcubeshop.com/collections/3x3-speed-cubes/products/qiyi-thunderclap-v3-m-3x3
YJ MGC Elite Magnetic 3x3 - Stickerless (Bright),LE 439.62,https://speedcubeshop.com/collections/3x3-speed-cubes/products/yj-mgc-elite-magnetic-3x3
QiYi Valk 3 3x3 - Stickerless (Bright),LE 382.15,https://speedcubeshop.com/collections/3x3-speed-cubes/products/qiyi-valk-3-3x3
MoYu RS3 M 2020 3x3 - Stickerless (Bright),LE 171.44,https://speedcubeshop.com/collections/3x3-speed-cubes/products/moyu-rs3-m-2020-3x3
YuXin Little Magic 3x3 - Stickerless (Bright),LE 94.82,https://speedcubeshop.com/collections/3x3-speed-cubes/products/yuxin-little-magic-3x3
JPerm RS3 M 2020 3x3 - Stickerless (Bright),LE 477.93,https://speedcubeshop.com/collections/3x3-speed-cubes/products/jperm-rs3-m-2020-3x3
GAN 11 M Pro 3x3 - Stickerless (Bright),"starting at LE 1,052.59",https://speedcubeshop.com/collections/3x3-speed-cubes/products/gan-11-m-pro-3x3
QiYi MS Magnetic 3x3 - Stickerless (Bright),LE 152.29,https://speedcubeshop.com/collections/3x3-speed-cubes/products/qiyi-ms-magnetic-3x3-speedcube
GAN 356 XS Magnetic 3x3 - Stickerless (Bright),LE 765.26,https://speedcubeshop.com/collections/3x3-speed-cubes/products/gan-356-xs-magnetic-3x3
MoYu RS3 M 2021 3x3 (MagLev) - Stickerless (Bright),LE 267.22,https://speedcubeshop.com/collections/3x3-speed-cubes/products/moyu-rs3-m-2021-3x3-maglev
GAN 12 M 3x3 - Stickerless (Bright),"starting at LE 1,282.46",https://speedcubeshop.com/collections/3x3-speed-cubes/products/gan-12-m-3x3
X-Man Tornado V2 3x3 Magnetic - Stickerless (Bright),LE 477.93,https://speedcubeshop.com/collections/3x3-speed-cubes/products/x-man-tornado-v2-magnetic-3x3
QiYi Thunderclap V3 M 3x3 - Stickerless (Bright),LE 190.60,https://speedcubeshop.com/collections/3x3-speed-cubes/products/qiyi-thunderclap-v3-m-3x3
YJ MGC Elite Magnetic 3x3 - Stickerless (Bright),LE 439.62,https://speedcubeshop.com/collections/3x3-speed-cubes/products/yj-mgc-elite-magnetic-3x3
QiYi Valk 3 3x3 - Stickerless (Bright),LE 382.15,https://speedcubeshop.com/collections/3x3-speed-cubes/products/qiyi-valk-3-3x3
MoYu RS3 M 2020 3x3 - Stickerless (Bright),LE 171.44,https://speedcubeshop.com/collections/3x3-speed-cubes/products/moyu-rs3-m-2020-3x3
YuXin Little Magic 3x3 - Stickerless (Bright),LE 94.82,https://speedcubeshop.com/collections/3x3-speed-cubes/products/yuxin-little-magic-3x3
JPerm RS3 M 2020 3x3 - Stickerless (Bright),LE 477.93,https://speedcubeshop.com/collections/3x3-speed-cubes/products/jperm-rs3-m-2020-3x3
GAN 11 M Pro 3x3 - Stickerless (Bright),"starting at LE 1,052.59",https://speedcubeshop.com/collections/3x3-speed-cubes/products/gan-11-m-pro-3x3
QiYi MS Magnetic 3x3 - Stickerless (Bright),LE 152.29,https://speedcubeshop.com/collections/3x3-speed-cubes/products/qiyi-ms-magnetic-3x3-speedcube
GAN 356 XS Magnetic 3x3 - Stickerless (Bright),LE 765.26,https://speedcubeshop.com/collections/3x3-speed-cubes/products/gan-356-xs-magnetic-3x3
MoYu RS3 M 2021 3x3 (MagLev) - Stickerless (Bright),LE 267.22,https://speedcubeshop.com/collections/3x3-speed-cubes/products/moyu-rs3-m-2021-3x3-maglev
GAN 12 M 3x3 - Stickerless (Bright),"starting at LE 1,282.46",https://speedcubeshop.com/collections/3x3-speed-cubes/products/gan-12-m-3x3
X-Man Tornado V2 3x3 Magnetic - Stickerless (Bright),LE 477.93,https://speedcubeshop.com/collections/3x3-speed-cubes/products/x-man-tornado-v2-magnetic-3x3
QiYi Thunderclap V3 M 3x3 - Stickerless (Bright),LE 190.60,https://speedcubeshop.com/collections/3x3-speed-cubes/products/qiyi-thunderclap-v3-m-3x3
YJ MGC Elite Magnetic 3x3 - Stickerless (Bright),LE 439.62,https://speedcubeshop.com/collections/3x3-speed-cubes/products/yj-mgc-elite-magnetic-3x3
QiYi Valk 3 3x3 - Stickerless (Bright),LE 382.15,https://speedcubeshop.com/collections/3x3-speed-cubes/products/qiyi-valk-3-3x3
MoYu RS3 M 2020 3x3 - Stickerless (Bright),LE 171.44,https://speedcubeshop.com/collections/3x3-speed-cubes/products/moyu-rs3-m-2020-3x3
YuXin Little Magic 3x3 - Stickerless (Bright),LE 94.82,https://speedcubeshop.com/collections/3x3-speed-cubes/products/yuxin-little-magic-3x3
JPerm RS3 M 2020 3x3 - Stickerless (Bright),LE 477.93,https://speedcubeshop.com/collections/3x3-speed-cubes/products/jperm-rs3-m-2020-3x3
GAN 11 M Pro 3x3 - Stickerless (Bright),"starting at LE 1,052.59",https://speedcubeshop.com/collections/3x3-speed-cubes/products/gan-11-m-pro-3x3
QiYi MS Magnetic 3x3 - Stickerless (Bright),LE 152.29,https://speedcubeshop.com/collections/3x3-speed-cubes/products/qiyi-ms-magnetic-3x3-speedcube
GAN 356 XS Magnetic 3x3 - Stickerless (Bright),LE 765.26,https://speedcubeshop.com/collections/3x3-speed-cubes/products/gan-356-xs-magnetic-3x3
MoYu RS3 M 2021 3x3 (MagLev) - Stickerless (Bright),LE 267.22,https://speedcubeshop.com/collections/3x3-speed-cubes/products/moyu-rs3-m-2021-3x3-maglev
GAN 12 M 3x3 - Stickerless (Bright),"starting at LE 1,282.46",https://speedcubeshop.com/collections/3x3-speed-cubes/products/gan-12-m-3x3
X-Man Tornado V2 3x3 Magnetic - Stickerless (Bright),LE 477.93,https://speedcubeshop.com/collections/3x3-speed-cubes/products/x-man-tornado-v2-magnetic-3x3
QiYi Thunderclap V3 M 3x3 - Stickerless (Bright),LE 190.60,https://speedcubeshop.com/collections/3x3-speed-cubes/products/qiyi-thunderclap-v3-m-3x3
YJ MGC Elite Magnetic 3x3 - Stickerless (Bright),LE 439.62,https://speedcubeshop.com/collections/3x3-speed-cubes/products/yj-mgc-elite-magnetic-3x3
QiYi Valk 3 3x3 - Stickerless (Bright),LE 382.15,https://speedcubeshop.com/collections/3x3-speed-cubes/products/qiyi-valk-3-3x3
MoYu RS3 M 2020 3x3 - Stickerless (Bright),LE 171.44,https://speedcubeshop.com/collections/3x3-speed-cubes/products/moyu-rs3-m-2020-3x3
YuXin Little Magic 3x3 - Stickerless (Bright),LE 94.82,https://speedcubeshop.com/collections/3x3-speed-cubes/products/yuxin-little-magic-3x3
JPerm RS3 M 2020 3x3 - Stickerless (Bright),LE 477.93,https://speedcubeshop.com/collections/3x3-speed-cubes/products/jperm-rs3-m-2020-3x3
GAN 11 M Pro 3x3 - Stickerless (Bright),"starting at LE 1,052.59",https://speedcubeshop.com/collections/3x3-speed-cubes/products/gan-11-m-pro-3x3
QiYi MS Magnetic 3x3 - Stickerless (Bright),LE 152.29,https://speedcubeshop.com/collections/3x3-speed-cubes/products/qiyi-ms-magnetic-3x3-speedcube
GAN 356 XS Magnetic 3x3 - Stickerless (Bright),LE 765.26,https://speedcubeshop.com/collections/3x3-speed-cubes/products/gan-356-xs-magnetic-3x3
MoYu RS3 M 2021 3x3 (MagLev) - Stickerless (Bright),LE 267.22,https://speedcubeshop.com/collections/3x3-speed-cubes/products/moyu-rs3-m-2021-3x3-maglev
GAN 12 M 3x3 - Stickerless (Bright),"starting at LE 1,282.46",https://speedcubeshop.com/collections/3x3-speed-cubes/products/gan-12-m-3x3
X-Man Tornado V2 3x3 Magnetic - Stickerless (Bright),LE 477.93,https://speedcubeshop.com/collections/3x3-speed-cubes/products/x-man-tornado-v2-magnetic-3x3
QiYi Thunderclap V3 M 3x3 - Stickerless (Bright),LE 190.60,https://speedcubeshop.com/collections/3x3-speed-cubes/products/qiyi-thunderclap-v3-m-3x3
YJ MGC Elite Magnetic 3x3 - Stickerless (Bright),LE 439.62,https://speedcubeshop.com/collections/3x3-speed-cubes/products/yj-mgc-elite-magnetic-3x3
QiYi Valk 3 3x3 - Stickerless (Bright),LE 382.15,https://speedcubeshop.com/collections/3x3-speed-cubes/products/qiyi-valk-3-3x3
MoYu RS3 M 2020 3x3 - Stickerless (Bright),LE 171.44,https://speedcubeshop.com/collections/3x3-speed-cubes/products/moyu-rs3-m-2020-3x3
YuXin Little Magic 3x3 - Stickerless (Bright),LE 94.82,https://speedcubeshop.com/collections/3x3-speed-cubes/products/yuxin-little-magic-3x3
JPerm RS3 M 2020 3x3 - Stickerless (Bright),LE 477.93,https://speedcubeshop.com/collections/3x3-speed-cubes/products/jperm-rs3-m-2020-3x3
GAN 11 M Pro 3x3 - Stickerless (Bright),"starting at LE 1,052.59",https://speedcubeshop.com/collections/3x3-speed-cubes/products/gan-11-m-pro-3x3
QiYi MS Magnetic 3x3 - Stickerless (Bright),LE 152.29,https://speedcubeshop.com/collections/3x3-speed-cubes/products/qiyi-ms-magnetic-3x3-speedcube
GAN 356 XS Magnetic 3x3 - Stickerless (Bright),LE 765.26,https://speedcubeshop.com/collections/3x3-speed-cubes/products/gan-356-xs-magnetic-3x3
MoYu RS3 M 2021 3x3 (MagLev) - Stickerless (Bright),LE 267.22,https://speedcubeshop.com/collections/3x3-speed-cubes/products/moyu-rs3-m-2021-3x3-maglev
GAN 12 M 3x3 - Stickerless (Bright),"starting at LE 1,282.46",https://speedcubeshop.com/collections/3x3-speed-cubes/products/gan-12-m-3x3
X-Man Tornado V2 3x3 Magnetic - Stickerless (Bright),LE 477.93,https://speedcubeshop.com/collections/3x3-speed-cubes/products/x-man-tornado-v2-magnetic-3x3
QiYi Thunderclap V3 M 3x3 - Stickerless (Bright),LE 190.60,https://speedcubeshop.com/collections/3x3-speed-cubes/products/qiyi-thunderclap-v3-m-3x3
YJ MGC Elite Magnetic 3x3 - Stickerless (Bright),LE 439.62,https://speedcubeshop.com/collections/3x3-speed-cubes/products/yj-mgc-elite-magnetic-3x3
QiYi Valk 3 3x3 - Stickerless (Bright),LE 382.15,https://speedcubeshop.com/collections/3x3-speed-cubes/products/qiyi-valk-3-3x3
MoYu RS3 M 2020 3x3 - Stickerless (Bright),LE 171.44,https://speedcubeshop.com/collections/3x3-speed-cubes/products/moyu-rs3-m-2020-3x3
YuXin Little Magic 3x3 - Stickerless (Bright),LE 94.82,https://speedcubeshop.com/collections/3x3-speed-cubes/products/yuxin-little-magic-3x3
JPerm RS3 M 2020 3x3 - Stickerless (Bright),LE 477.93,https://speedcubeshop.com/collections/3x3-speed-cubes/products/jperm-rs3-m-2020-3x3
GAN 11 M Pro 3x3 - Stickerless (Bright),"starting at LE 1,052.59",https://speedcubeshop.com/collections/3x3-speed-cubes/products/gan-11-m-pro-3x3
QiYi MS Magnetic 3x3 - Stickerless (Bright),LE 152.29,https://speedcubeshop.com/collections/3x3-speed-cubes/products/qiyi-ms-magnetic-3x3-speedcube
GAN 356 XS Magnetic 3x3 - Stickerless (Bright),LE 765.26,https://speedcubeshop.com/collections/3x3-speed-cubes/products/gan-356-xs-magnetic-3x3
MoYu RS3 M 2021 3x3 (MagLev) - Stickerless (Bright),LE 267.22,https://speedcubeshop.com/collections/3x3-speed-cubes/products/moyu-rs3-m-2021-3x3-maglev
GAN 12 M 3x3 - Stickerless (Bright),"starting at LE 1,282.46",https://speedcubeshop.com/collections/3x3-speed-cubes/products/gan-12-m-3x3
X-Man Tornado V2 3x3 Magnetic - Stickerless (Bright),LE 477.93,https://speedcubeshop.com/collections/3x3-speed-cubes/products/x-man-tornado-v2-magnetic-3x3
QiYi Thunderclap V3 M 3x3 - Stickerless (Bright),LE 190.60,https://speedcubeshop.com/collections/3x3-speed-cubes/products/qiyi-thunderclap-v3-m-3x3
YJ MGC Elite Magnetic 3x3 - Stickerless (Bright),LE 439.62,https://speedcubeshop.com/collections/3x3-speed-cubes/products/yj-mgc-elite-magnetic-3x3
QiYi Valk 3 3x3 - Stickerless (Bright),LE 382.15,https://speedcubeshop.com/collections/3x3-speed-cubes/products/qiyi-valk-3-3x3
MoYu RS3 M 2020 3x3 - Stickerless (Bright),LE 171.44,https://speedcubeshop.com/collections/3x3-speed-cubes/products/moyu-rs3-m-2020-3x3
YuXin Little Magic 3x3 - Stickerless (Bright),LE 94.82,https://speedcubeshop.com/collections/3x3-speed-cubes/products/yuxin-little-magic-3x3
JPerm RS3 M 2020 3x3 - Stickerless (Bright),LE 477.93,https://speedcubeshop.com/collections/3x3-speed-cubes/products/jperm-rs3-m-2020-3x3
GAN 11 M Pro 3x3 - Stickerless (Bright),"starting at LE 1,052.59",https://speedcubeshop.com/collections/3x3-speed-cubes/products/gan-11-m-pro-3x3
QiYi MS Magnetic 3x3 - Stickerless (Bright),LE 152.29,https://speedcubeshop.com/collections/3x3-speed-cubes/products/qiyi-ms-magnetic-3x3-speedcube
GAN 356 XS Magnetic 3x3 - Stickerless (Bright),LE 765.26,https://speedcubeshop.com/collections/3x3-speed-cubes/products/gan-356-xs-magnetic-3x3
MoYu RS3 M 2021 3x3 (MagLev) - Stickerless (Bright),LE 267.22,https://speedcubeshop.com/collections/3x3-speed-cubes/products/moyu-rs3-m-2021-3x3-maglev
GAN 12 M 3x3 - Stickerless (Bright),"starting at LE 1,282.46",https://speedcubeshop.com/collections/3x3-speed-cubes/products/gan-12-m-3x3
X-Man Tornado V2 3x3 Magnetic - Stickerless (Bright),LE 477.93,https://speedcubeshop.com/collections/3x3-speed-cubes/products/x-man-tornado-v2-magnetic-3x3
QiYi Thunderclap V3 M 3x3 - Stickerless (Bright),LE 190.60,https://speedcubeshop.com/collections/3x3-speed-cubes/products/qiyi-thunderclap-v3-m-3x3
YJ MGC Elite Magnetic 3x3 - Stickerless (Bright),LE 439.62,https://speedcubeshop.com/collections/3x3-speed-cubes/products/yj-mgc-elite-magnetic-3x3
QiYi Valk 3 3x3 - Stickerless (Bright),LE 382.15,https://speedcubeshop.com/collections/3x3-speed-cubes/products/qiyi-valk-3-3x3
MoYu RS3 M 2020 3x3 - Stickerless (Bright),LE 171.44,https://speedcubeshop.com/collections/3x3-speed-cubes/products/moyu-rs3-m-2020-3x3
YuXin Little Magic 3x3 - Stickerless (Bright),LE 94.82,https://speedcubeshop.com/collections/3x3-speed-cubes/products/yuxin-little-magic-3x3
JPerm RS3 M 2020 3x3 - Stickerless (Bright),LE 477.93,https://speedcubeshop.com/collections/3x3-speed-cubes/products/jperm-rs3-m-2020-3x3
GAN 11 M Pro 3x3 - Stickerless (Bright),"starting at LE 1,052.59",https://speedcubeshop.com/collections/3x3-speed-cubes/products/gan-11-m-pro-3x3
QiYi MS Magnetic 3x3 - Stickerless (Bright),LE 152.29,https://speedcubeshop.com/collections/3x3-speed-cubes/products/qiyi-ms-magnetic-3x3-speedcube
GAN 356 XS Magnetic 3x3 - Stickerless (Bright),LE 765.26,https://speedcubeshop.com/collections/3x3-speed-cubes/products/gan-356-xs-magnetic-3x3
MoYu RS3 M 2021 3x3 (MagLev) - Stickerless (Bright),LE 267.22,https://speedcubeshop.com/collections/3x3-speed-cubes/products/moyu-rs3-m-2021-3x3-maglev
GAN 12 M 3x3 - Stickerless (Bright),"starting at LE 1,282.46",https://speedcubeshop.com/collections/3x3-speed-cubes/products/gan-12-m-3x3
X-Man Tornado V2 3x3 Magnetic - Stickerless (Bright),LE 477.93,https://speedcubeshop.com/collections/3x3-speed-cubes/products/x-man-tornado-v2-magnetic-3x3
QiYi Thunderclap V3 M 3x3 - Stickerless (Bright),LE 190.60,https://speedcubeshop.com/collections/3x3-speed-cubes/products/qiyi-thunderclap-v3-m-3x3
YJ MGC Elite Magnetic 3x3 - Stickerless (Bright),LE 439.62,https://speedcubeshop.com/collections/3x3-speed-cubes/products/yj-mgc-elite-magnetic-3x3
QiYi Valk 3 3x3 - Stickerless (Bright),LE 382.15,https://speedcubeshop.com/collections/3x3-speed-cubes/products/qiyi-valk-3-3x3
Supernova RS3 M 2020 3x3 - Stickerless (Bright),LE 286.37,https://speedcubeshop.com/collections/premium-puzzles/products/supernova-rs3-m-2020-3x3
UniCube RS3 M 2020 3x3 - Stickerless (Bright),LE 171.44,https://speedcubeshop.com/collections/premium-puzzles/products/unicube-rs3-m-2020-3x3
Cosmic GAN 356 XS Magnetic 3x3 - Stickerless (Bright),"starting at LE 1,244.15",https://speedcubeshop.com/collections/premium-puzzles/products/cosmic-gan-356-xs-magnetic-3x3
Cosmic Valk 3 M 3x3 - Stickerless (Bright),LE 746.11,https://speedcubeshop.com/collections/premium-puzzles/products/cosmic-valk-3-m-3x3
Supernova Valk 3 M 3x3 - Stickerless (Bright),LE 573.71,https://speedcubeshop.com/collections/premium-puzzles/products/supernova-valk-3-m-3x3
Cosmic GTS3 M 3x3 - Stickerless (Bright),LE 937.66,https://speedcubeshop.com/collections/premium-puzzles/products/cosmic-gts3-m-3x3
Cosmic RS3 M 2020 3x3 - Stickerless (Bright),starting at LE 458.77,https://speedcubeshop.com/collections/premium-puzzles/products/cosmic-rs3-m-2020-3x3
Supernova MGC Magnetic 2x2 - Black,LE 286.37,https://speedcubeshop.com/collections/premium-puzzles/products/supernova-mgc-magnetic-2x2
Cosmic GAN 11 M Pro 3x3 - Stickerless (Bright),"LE 1,531.48",https://speedcubeshop.com/collections/premium-puzzles/products/cosmic-gan-11-m-pro-3x3
Supernova MeiLong Magnetic 3x3 - Stickerless (Bright),LE 228.91,https://speedcubeshop.com/collections/premium-puzzles/products/supernova-meilong-magnetic-3x3
Supernova Little Magic 3x3 - Stickerless (Bright),LE 190.60,https://speedcubeshop.com/collections/premium-puzzles/products/supernova-little-magic-3x3
Supernova Little Magic M 3x3 - Stickerless (Bright),LE 248.06,https://speedcubeshop.com/collections/premium-puzzles/products/supernova-little-magic-m-3x3-1
Supernova RS3 M 2020 3x3 - Stickerless (Bright),LE 286.37,https://speedcubeshop.com/collections/premium-puzzles/products/supernova-rs3-m-2020-3x3
UniCube RS3 M 2020 3x3 - Stickerless (Bright),LE 171.44,https://speedcubeshop.com/collections/premium-puzzles/products/unicube-rs3-m-2020-3x3
Cosmic GAN 356 XS Magnetic 3x3 - Stickerless (Bright),"starting at LE 1,244.15",https://speedcubeshop.com/collections/premium-puzzles/products/cosmic-gan-356-xs-magnetic-3x3
Cosmic Valk 3 M 3x3 - Stickerless (Bright),LE 746.11,https://speedcubeshop.com/collections/premium-puzzles/products/cosmic-valk-3-m-3x3
Supernova Valk 3 M 3x3 - Stickerless (Bright),LE 573.71,https://speedcubeshop.com/collections/premium-puzzles/products/supernova-valk-3-m-3x3
Cosmic GTS3 M 3x3 - Stickerless (Bright),LE 937.66,https://speedcubeshop.com/collections/premium-puzzles/products/cosmic-gts3-m-3x3
Cosmic RS3 M 2020 3x3 - Stickerless (Bright),starting at LE 458.77,https://speedcubeshop.com/collections/premium-puzzles/products/cosmic-rs3-m-2020-3x3
Supernova MGC Magnetic 2x2 - Black,LE 286.37,https://speedcubeshop.com/collections/premium-puzzles/products/supernova-mgc-magnetic-2x2
Cosmic GAN 11 M Pro 3x3 - Stickerless (Bright),"LE 1,531.48",https://speedcubeshop.com/collections/premium-puzzles/products/cosmic-gan-11-m-pro-3x3
Supernova MeiLong Magnetic 3x3 - Stickerless (Bright),LE 228.91,https://speedcubeshop.com/collections/premium-puzzles/products/supernova-meilong-magnetic-3x3
Supernova Little Magic 3x3 - Stickerless (Bright),LE 190.60,https://speedcubeshop.com/collections/premium-puzzles/products/supernova-little-magic-3x3
Supernova Little Magic M 3x3 - Stickerless (Bright),LE 248.06,https://speedcubeshop.com/collections/premium-puzzles/products/supernova-little-magic-m-3x3-1
Supernova RS3 M 2020 3x3 - Stickerless (Bright),LE 286.37,https://speedcubeshop.com/collections/premium-puzzles/products/supernova-rs3-m-2020-3x3
UniCube RS3 M 2020 3x3 - Stickerless (Bright),LE 171.44,https://speedcubeshop.com/collections/premium-puzzles/products/unicube-rs3-m-2020-3x3
Cosmic GAN 356 XS Magnetic 3x3 - Stickerless (Bright),"starting at LE 1,244.15",https://speedcubeshop.com/collections/premium-puzzles/products/cosmic-gan-356-xs-magnetic-3x3
Cosmic Valk 3 M 3x3 - Stickerless (Bright),LE 746.11,https://speedcubeshop.com/collections/premium-puzzles/products/cosmic-valk-3-m-3x3
Supernova Valk 3 M 3x3 - Stickerless (Bright),LE 573.71,https://speedcubeshop.com/collections/premium-puzzles/products/supernova-valk-3-m-3x3
Cosmic GTS3 M 3x3 - Stickerless (Bright),LE 937.66,https://speedcubeshop.com/collections/premium-puzzles/products/cosmic-gts3-m-3x3
Cosmic RS3 M 2020 3x3 - Stickerless (Bright),starting at LE 458.77,https://speedcubeshop.com/collections/premium-puzzles/products/cosmic-rs3-m-2020-3x3
Supernova MGC Magnetic 2x2 - Black,LE 286.37,https://speedcubeshop.com/collections/premium-puzzles/products/supernova-mgc-magnetic-2x2
Cosmic GAN 11 M Pro 3x3 - Stickerless (Bright),"LE 1,531.48",https://speedcubeshop.com/collections/premium-puzzles/products/cosmic-gan-11-m-pro-3x3
Supernova MeiLong Magnetic 3x3 - Stickerless (Bright),LE 228.91,https://speedcubeshop.com/collections/premium-puzzles/products/supernova-meilong-magnetic-3x3
Supernova Little Magic 3x3 - Stickerless (Bright),LE 190.60,https://speedcubeshop.com/collections/premium-puzzles/products/supernova-little-magic-3x3
Supernova Little Magic M 3x3 - Stickerless (Bright),LE 248.06,https://speedcubeshop.com/collections/premium-puzzles/products/supernova-little-magic-m-3x3-1
Supernova RS3 M 2020 3x3 - Stickerless (Bright),LE 286.37,https://speedcubeshop.com/collections/premium-puzzles/products/supernova-rs3-m-2020-3x3
UniCube RS3 M 2020 3x3 - Stickerless (Bright),LE 171.44,https://speedcubeshop.com/collections/premium-puzzles/products/unicube-rs3-m-2020-3x3
Cosmic GAN 356 XS Magnetic 3x3 - Stickerless (Bright),"starting at LE 1,244.15",https://speedcubeshop.com/collections/premium-puzzles/products/cosmic-gan-356-xs-magnetic-3x3
Cosmic Valk 3 M 3x3 - Stickerless (Bright),LE 746.11,https://speedcubeshop.com/collections/premium-puzzles/products/cosmic-valk-3-m-3x3
Supernova Valk 3 M 3x3 - Stickerless (Bright),LE 573.71,https://speedcubeshop.com/collections/premium-puzzles/products/supernova-valk-3-m-3x3
Cosmic GTS3 M 3x3 - Stickerless (Bright),LE 937.66,https://speedcubeshop.com/collections/premium-puzzles/products/cosmic-gts3-m-3x3
Cosmic RS3 M 2020 3x3 - Stickerless (Bright),starting at LE 458.77,https://speedcubeshop.com/collections/premium-puzzles/products/cosmic-rs3-m-2020-3x3
Supernova MGC Magnetic 2x2 - Black,LE 286.37,https://speedcubeshop.com/collections/premium-puzzles/products/supernova-mgc-magnetic-2x2
Cosmic GAN 11 M Pro 3x3 - Stickerless (Bright),"LE 1,531.48",https://speedcubeshop.com/collections/premium-puzzles/products/cosmic-gan-11-m-pro-3x3
Supernova MeiLong Magnetic 3x3 - Stickerless (Bright),LE 228.91,https://speedcubeshop.com/collections/premium-puzzles/products/supernova-meilong-magnetic-3x3
Supernova Little Magic 3x3 - Stickerless (Bright),LE 190.60,https://speedcubeshop.com/collections/premium-puzzles/products/supernova-little-magic-3x3
Supernova Little Magic M 3x3 - Stickerless (Bright),LE 248.06,https://speedcubeshop.com/collections/premium-puzzles/products/supernova-little-magic-m-3x3-1
Supernova RS3 M 2020 3x3 - Stickerless (Bright),LE 286.37,https://speedcubeshop.com/collections/premium-puzzles/products/supernova-rs3-m-2020-3x3
UniCube RS3 M 2020 3x3 - Stickerless (Bright),LE 171.44,https://speedcubeshop.com/collections/premium-puzzles/products/unicube-rs3-m-2020-3x3
Cosmic GAN 356 XS Magnetic 3x3 - Stickerless (Bright),"starting at LE 1,244.15",https://speedcubeshop.com/collections/premium-puzzles/products/cosmic-gan-356-xs-magnetic-3x3
Cosmic Valk 3 M 3x3 - Stickerless (Bright),LE 746.11,https://speedcubeshop.com/collections/premium-puzzles/products/cosmic-valk-3-m-3x3
Supernova Valk 3 M 3x3 - Stickerless (Bright),LE 573.71,https://speedcubeshop.com/collections/premium-puzzles/products/supernova-valk-3-m-3x3
Cosmic GTS3 M 3x3 - Stickerless (Bright),LE 937.66,https://speedcubeshop.com/collections/premium-puzzles/products/cosmic-gts3-m-3x3
Cosmic RS3 M 2020 3x3 - Stickerless (Bright),starting at LE 458.77,https://speedcubeshop.com/collections/premium-puzzles/products/cosmic-rs3-m-2020-3x3
Supernova MGC Magnetic 2x2 - Black,LE 286.37,https://speedcubeshop.com/collections/premium-puzzles/products/supernova-mgc-magnetic-2x2
Cosmic GAN 11 M Pro 3x3 - Stickerless (Bright),"LE 1,531.48",https://speedcubeshop.com/collections/premium-puzzles/products/cosmic-gan-11-m-pro-3x3
Supernova MeiLong Magnetic 3x3 - Stickerless (Bright),LE 228.91,https://speedcubeshop.com/collections/premium-puzzles/products/supernova-meilong-magnetic-3x3
Supernova Little Magic 3x3 - Stickerless (Bright),LE 190.60,https://speedcubeshop.com/collections/premium-puzzles/products/supernova-little-magic-3x3
Supernova Little Magic M 3x3 - Stickerless (Bright),LE 248.06,https://speedcubeshop.com/collections/premium-puzzles/products/supernova-little-magic-m-3x3-1
Supernova RS3 M 2020 3x3 - Stickerless (Bright),LE 286.37,https://speedcubeshop.com/collections/premium-puzzles/products/supernova-rs3-m-2020-3x3
UniCube RS3 M 2020 3x3 - Stickerless (Bright),LE 171.44,https://speedcubeshop.com/collections/premium-puzzles/products/unicube-rs3-m-2020-3x3
Cosmic GAN 356 XS Magnetic 3x3 - Stickerless (Bright),"starting at LE 1,244.15",https://speedcubeshop.com/collections/premium-puzzles/products/cosmic-gan-356-xs-magnetic-3x3
Cosmic Valk 3 M 3x3 - Stickerless (Bright),LE 746.11,https://speedcubeshop.com/collections/premium-puzzles/products/cosmic-valk-3-m-3x3
Supernova Valk 3 M 3x3 - Stickerless (Bright),LE 573.71,https://speedcubeshop.com/collections/premium-puzzles/products/supernova-valk-3-m-3x3
Cosmic GTS3 M 3x3 - Stickerless (Bright),LE 937.66,https://speedcubeshop.com/collections/premium-puzzles/products/cosmic-gts3-m-3x3
Cosmic RS3 M 2020 3x3 - Stickerless (Bright),starting at LE 458.77,https://speedcubeshop.com/collections/premium-puzzles/products/cosmic-rs3-m-2020-3x3
Supernova MGC Magnetic 2x2 - Black,LE 286.37,https://speedcubeshop.com/collections/premium-puzzles/products/supernova-mgc-magnetic-2x2
Cosmic GAN 11 M Pro 3x3 - Stickerless (Bright),"LE 1,531.48",https://speedcubeshop.com/collections/premium-puzzles/products/cosmic-gan-11-m-pro-3x3
Supernova MeiLong Magnetic 3x3 - Stickerless (Bright),LE 228.91,https://speedcubeshop.com/collections/premium-puzzles/products/supernova-meilong-magnetic-3x3
Supernova Little Magic 3x3 - Stickerless (Bright),LE 190.60,https://speedcubeshop.com/collections/premium-puzzles/products/supernova-little-magic-3x3
Supernova Little Magic M 3x3 - Stickerless (Bright),LE 248.06,https://speedcubeshop.com/collections/premium-puzzles/products/supernova-little-magic-m-3x3-1
Supernova RS3 M 2020 3x3 - Stickerless (Bright),LE 286.37,https://speedcubeshop.com/collections/premium-puzzles/products/supernova-rs3-m-2020-3x3
UniCube RS3 M 2020 3x3 - Stickerless (Bright),LE 171.44,https://speedcubeshop.com/collections/premium-puzzles/products/unicube-rs3-m-2020-3x3
Cosmic GAN 356 XS Magnetic 3x3 - Stickerless (Bright),"starting at LE 1,244.15",https://speedcubeshop.com/collections/premium-puzzles/products/cosmic-gan-356-xs-magnetic-3x3
Cosmic Valk 3 M 3x3 - Stickerless (Bright),LE 746.11,https://speedcubeshop.com/collections/premium-puzzles/products/cosmic-valk-3-m-3x3
Supernova Valk 3 M 3x3 - Stickerless (Bright),LE 573.71,https://speedcubeshop.com/collections/premium-puzzles/products/supernova-valk-3-m-3x3
Cosmic GTS3 M 3x3 - Stickerless (Bright),LE 937.66,https://speedcubeshop.com/collections/premium-puzzles/products/cosmic-gts3-m-3x3
Cosmic RS3 M 2020 3x3 - Stickerless (Bright),starting at LE 458.77,https://speedcubeshop.com/collections/premium-puzzles/products/cosmic-rs3-m-2020-3x3
Supernova MGC Magnetic 2x2 - Black,LE 286.37,https://speedcubeshop.com/collections/premium-puzzles/products/supernova-mgc-magnetic-2x2
Cosmic GAN 11 M Pro 3x3 - Stickerless (Bright),"LE 1,531.48",https://speedcubeshop.com/collections/premium-puzzles/products/cosmic-gan-11-m-pro-3x3
Supernova MeiLong Magnetic 3x3 - Stickerless (Bright),LE 228.91,https://speedcubeshop.com/collections/premium-puzzles/products/supernova-meilong-magnetic-3x3
Supernova Little Magic 3x3 - Stickerless (Bright),LE 190.60,https://speedcubeshop.com/collections/premium-puzzles/products/supernova-little-magic-3x3
Supernova Little Magic M 3x3 - Stickerless (Bright),LE 248.06,https://speedcubeshop.com/collections/premium-puzzles/products/supernova-little-magic-m-3x3-1
Supernova RS3 M 2020 3x3 - Stickerless (Bright),LE 286.37,https://speedcubeshop.com/collections/premium-puzzles/products/supernova-rs3-m-2020-3x3
UniCube RS3 M 2020 3x3 - Stickerless (Bright),LE 171.44,https://speedcubeshop.com/collections/premium-puzzles/products/unicube-rs3-m-2020-3x3
Cosmic GAN 356 XS Magnetic 3x3 - Stickerless (Bright),"starting at LE 1,244.15",https://speedcubeshop.com/collections/premium-puzzles/products/cosmic-gan-356-xs-magnetic-3x3
Cosmic Valk 3 M 3x3 - Stickerless (Bright),LE 746.11,https://speedcubeshop.com/collections/premium-puzzles/products/cosmic-valk-3-m-3x3
Supernova Valk 3 M 3x3 - Stickerless (Bright),LE 573.71,https://speedcubeshop.com/collections/premium-puzzles/products/supernova-valk-3-m-3x3
Cosmic GTS3 M 3x3 - Stickerless (Bright),LE 937.66,https://speedcubeshop.com/collections/premium-puzzles/products/cosmic-gts3-m-3x3
Cosmic RS3 M 2020 3x3 - Stickerless (Bright),starting at LE 458.77,https://speedcubeshop.com/collections/premium-puzzles/products/cosmic-rs3-m-2020-3x3
Supernova MGC Magnetic 2x2 - Black,LE 286.37,https://speedcubeshop.com/collections/premium-puzzles/products/supernova-mgc-magnetic-2x2
Cosmic GAN 11 M Pro 3x3 - Stickerless (Bright),"LE 1,531.48",https://speedcubeshop.com/collections/premium-puzzles/products/cosmic-gan-11-m-pro-3x3
Supernova MeiLong Magnetic 3x3 - Stickerless (Bright),LE 228.91,https://speedcubeshop.com/collections/premium-puzzles/products/supernova-meilong-magnetic-3x3
Supernova Little Magic 3x3 - Stickerless (Bright),LE 190.60,https://speedcubeshop.com/collections/premium-puzzles/products/supernova-little-magic-3x3
Supernova Little Magic M 3x3 - Stickerless (Bright),LE 248.06,https://speedcubeshop.com/collections/premium-puzzles/products/supernova-little-magic-m-3x3-1
Supernova RS3 M 2020 3x3 - Stickerless (Bright),LE 286.37,https://speedcubeshop.com/collections/premium-puzzles/products/supernova-rs3-m-2020-3x3
UniCube RS3 M 2020 3x3 - Stickerless (Bright),LE 171.44,https://speedcubeshop.com/collections/premium-puzzles/products/unicube-rs3-m-2020-3x3
Cosmic GAN 356 XS Magnetic 3x3 - Stickerless (Bright),"starting at LE 1,244.15",https://speedcubeshop.com/collections/premium-puzzles/products/cosmic-gan-356-xs-magnetic-3x3
Cosmic Valk 3 M 3x3 - Stickerless (Bright),LE 746.11,https://speedcubeshop.com/collections/premium-puzzles/products/cosmic-valk-3-m-3x3
Supernova Valk 3 M 3x3 - Stickerless (Bright),LE 573.71,https://speedcubeshop.com/collections/premium-puzzles/products/supernova-valk-3-m-3x3
Cosmic GTS3 M 3x3 - Stickerless (Bright),LE 937.66,https://speedcubeshop.com/collections/premium-puzzles/products/cosmic-gts3-m-3x3
Cosmic RS3 M 2020 3x3 - Stickerless (Bright),starting at LE 458.77,https://speedcubeshop.com/collections/premium-puzzles/products/cosmic-rs3-m-2020-3x3
Supernova MGC Magnetic 2x2 - Black,LE 286.37,https://speedcubeshop.com/collections/premium-puzzles/products/supernova-mgc-magnetic-2x2
Cosmic GAN 11 M Pro 3x3 - Stickerless (Bright),"LE 1,531.48",https://speedcubeshop.com/collections/premium-puzzles/products/cosmic-gan-11-m-pro-3x3
Supernova MeiLong Magnetic 3x3 - Stickerless (Bright),LE 228.91,https://speedcubeshop.com/collections/premium-puzzles/products/supernova-meilong-magnetic-3x3
Supernova Little Magic 3x3 - Stickerless (Bright),LE 190.60,https://speedcubeshop.com/collections/premium-puzzles/products/supernova-little-magic-3x3
Supernova Little Magic M 3x3 - Stickerless (Bright),LE 248.06,https://speedcubeshop.com/collections/premium-puzzles/products/supernova-little-magic-m-3x3-1
ShengShou Kilominx - Black,LE 209.75,https://speedcubeshop.com/collections/more-puzzles/products/shengshou-kilominx
QiYi Dino Cube - Stickerless (Bright),LE 113.98,https://speedcubeshop.com/collections/more-puzzles/products/qiyi-dino-cube
MoFang JiaoShi MeiLong Kilominx - Stickerless (Bright),LE 171.44,https://speedcubeshop.com/collections/more-puzzles/products/mofang-jiaoshi-meilong-kilominx
QiYi Mastermorphix - Stickerless (Bright),LE 113.98,https://speedcubeshop.com/collections/more-puzzles/products/qiyi-mastermorphix
MoFang JiaoShi Mastermorphix - Stickerless (Bright),LE 94.82,https://speedcubeshop.com/collections/more-puzzles/products/mofang-jiaoshi-mastermorphix
Fanxin 2x2 Megaminx - Stickerless (Pink),LE 171.44,https://speedcubeshop.com/collections/more-puzzles/products/fanxin-2x2-megaminx
ShengShou Gigaminx - Black,LE 746.11,https://speedcubeshop.com/collections/more-puzzles/products/shengshou-gigaminx
QiYi O2 Cube - Stickerless (Bright),starting at LE 113.98,https://speedcubeshop.com/collections/more-puzzles/products/qiyi-o2-cube
ShengShou Dino Cube - Stickerless (Bright),LE 133.13,https://speedcubeshop.com/collections/more-puzzles/products/shengshou-dino-cube
LanLan 2x2 Dodecahedron - Black,LE 152.29,https://speedcubeshop.com/collections/more-puzzles/products/lanlan-2x2-dodecahedron
MoYu Rainbow Ball (Mini),LE 94.82,https://speedcubeshop.com/collections/more-puzzles/products/moyu-rainbow-ball-mini
Z Curvy Copter - Black,LE 267.22,https://speedcubeshop.com/collections/more-puzzles/products/z-curvy-copter
ShengShou Kilominx - Black,LE 209.75,https://speedcubeshop.com/collections/more-puzzles/products/shengshou-kilominx
QiYi Dino Cube - Stickerless (Bright),LE 113.98,https://speedcubeshop.com/collections/more-puzzles/products/qiyi-dino-cube
MoFang JiaoShi MeiLong Kilominx - Stickerless (Bright),LE 171.44,https://speedcubeshop.com/collections/more-puzzles/products/mofang-jiaoshi-meilong-kilominx
QiYi Mastermorphix - Stickerless (Bright),LE 113.98,https://speedcubeshop.com/collections/more-puzzles/products/qiyi-mastermorphix
MoFang JiaoShi Mastermorphix - Stickerless (Bright),LE 94.82,https://speedcubeshop.com/collections/more-puzzles/products/mofang-jiaoshi-mastermorphix
Fanxin 2x2 Megaminx - Stickerless (Pink),LE 171.44,https://speedcubeshop.com/collections/more-puzzles/products/fanxin-2x2-megaminx
ShengShou Gigaminx - Black,LE 746.11,https://speedcubeshop.com/collections/more-puzzles/products/shengshou-gigaminx
QiYi O2 Cube - Stickerless (Bright),starting at LE 113.98,https://speedcubeshop.com/collections/more-puzzles/products/qiyi-o2-cube
ShengShou Dino Cube - Stickerless (Bright),LE 133.13,https://speedcubeshop.com/collections/more-puzzles/products/shengshou-dino-cube
LanLan 2x2 Dodecahedron - Black,LE 152.29,https://speedcubeshop.com/collections/more-puzzles/products/lanlan-2x2-dodecahedron
MoYu Rainbow Ball (Mini),LE 94.82,https://speedcubeshop.com/collections/more-puzzles/products/moyu-rainbow-ball-mini
Z Curvy Copter - Black,LE 267.22,https://speedcubeshop.com/collections/more-puzzles/products/z-curvy-copter
ShengShou Kilominx - Black,LE 209.75,https://speedcubeshop.com/collections/more-puzzles/products/shengshou-kilominx
QiYi Dino Cube - Stickerless (Bright),LE 113.98,https://speedcubeshop.com/collections/more-puzzles/products/qiyi-dino-cube
MoFang JiaoShi MeiLong Kilominx - Stickerless (Bright),LE 171.44,https://speedcubeshop.com/collections/more-puzzles/products/mofang-jiaoshi-meilong-kilominx
QiYi Mastermorphix - Stickerless (Bright),LE 113.98,https://speedcubeshop.com/collections/more-puzzles/products/qiyi-mastermorphix
MoFang JiaoShi Mastermorphix - Stickerless (Bright),LE 94.82,https://speedcubeshop.com/collections/more-puzzles/products/mofang-jiaoshi-mastermorphix
Fanxin 2x2 Megaminx - Stickerless (Pink),LE 171.44,https://speedcubeshop.com/collections/more-puzzles/products/fanxin-2x2-megaminx
ShengShou Gigaminx - Black,LE 746.11,https://speedcubeshop.com/collections/more-puzzles/products/shengshou-gigaminx
QiYi O2 Cube - Stickerless (Bright),starting at LE 113.98,https://speedcubeshop.com/collections/more-puzzles/products/qiyi-o2-cube
ShengShou Dino Cube - Stickerless (Bright),LE 133.13,https://speedcubeshop.com/collections/more-puzzles/products/shengshou-dino-cube
LanLan 2x2 Dodecahedron - Black,LE 152.29,https://speedcubeshop.com/collections/more-puzzles/products/lanlan-2x2-dodecahedron
MoYu Rainbow Ball (Mini),LE 94.82,https://speedcubeshop.com/collections/more-puzzles/products/moyu-rainbow-ball-mini
Z Curvy Copter - Black,LE 267.22,https://speedcubeshop.com/collections/more-puzzles/products/z-curvy-copter
ShengShou Kilominx - Black,LE 209.75,https://speedcubeshop.com/collections/more-puzzles/products/shengshou-kilominx
QiYi Dino Cube - Stickerless (Bright),LE 113.98,https://speedcubeshop.com/collections/more-puzzles/products/qiyi-dino-cube
MoFang JiaoShi MeiLong Kilominx - Stickerless (Bright),LE 171.44,https://speedcubeshop.com/collections/more-puzzles/products/mofang-jiaoshi-meilong-kilominx
QiYi Mastermorphix - Stickerless (Bright),LE 113.98,https://speedcubeshop.com/collections/more-puzzles/products/qiyi-mastermorphix
MoFang JiaoShi Mastermorphix - Stickerless (Bright),LE 94.82,https://speedcubeshop.com/collections/more-puzzles/products/mofang-jiaoshi-mastermorphix
Fanxin 2x2 Megaminx - Stickerless (Pink),LE 171.44,https://speedcubeshop.com/collections/more-puzzles/products/fanxin-2x2-megaminx
ShengShou Gigaminx - Black,LE 746.11,https://speedcubeshop.com/collections/more-puzzles/products/shengshou-gigaminx
QiYi O2 Cube - Stickerless (Bright),starting at LE 113.98,https://speedcubeshop.com/collections/more-puzzles/products/qiyi-o2-cube
ShengShou Dino Cube - Stickerless (Bright),LE 133.13,https://speedcubeshop.com/collections/more-puzzles/products/shengshou-dino-cube
LanLan 2x2 Dodecahedron - Black,LE 152.29,https://speedcubeshop.com/collections/more-puzzles/products/lanlan-2x2-dodecahedron
MoYu Rainbow Ball (Mini),LE 94.82,https://speedcubeshop.com/collections/more-puzzles/products/moyu-rainbow-ball-mini
Z Curvy Copter - Black,LE 267.22,https://speedcubeshop.com/collections/more-puzzles/products/z-curvy-copter
ShengShou Kilominx - Black,LE 209.75,https://speedcubeshop.com/collections/more-puzzles/products/shengshou-kilominx
QiYi Dino Cube - Stickerless (Bright),LE 113.98,https://speedcubeshop.com/collections/more-puzzles/products/qiyi-dino-cube
MoFang JiaoShi MeiLong Kilominx - Stickerless (Bright),LE 171.44,https://speedcubeshop.com/collections/more-puzzles/products/mofang-jiaoshi-meilong-kilominx
QiYi Mastermorphix - Stickerless (Bright),LE 113.98,https://speedcubeshop.com/collections/more-puzzles/products/qiyi-mastermorphix
MoFang JiaoShi Mastermorphix - Stickerless (Bright),LE 94.82,https://speedcubeshop.com/collections/more-puzzles/products/mofang-jiaoshi-mastermorphix
Fanxin 2x2 Megaminx - Stickerless (Pink),LE 171.44,https://speedcubeshop.com/collections/more-puzzles/products/fanxin-2x2-megaminx
ShengShou Gigaminx - Black,LE 746.11,https://speedcubeshop.com/collections/more-puzzles/products/shengshou-gigaminx
QiYi O2 Cube - Stickerless (Bright),starting at LE 113.98,https://speedcubeshop.com/collections/more-puzzles/products/qiyi-o2-cube
ShengShou Dino Cube - Stickerless (Bright),LE 133.13,https://speedcubeshop.com/collections/more-puzzles/products/shengshou-dino-cube
LanLan 2x2 Dodecahedron - Black,LE 152.29,https://speedcubeshop.com/collections/more-puzzles/products/lanlan-2x2-dodecahedron
MoYu Rainbow Ball (Mini),LE 94.82,https://speedcubeshop.com/collections/more-puzzles/products/moyu-rainbow-ball-mini
Z Curvy Copter - Black,LE 267.22,https://speedcubeshop.com/collections/more-puzzles/products/z-curvy-copter
ShengShou Kilominx - Black,LE 209.75,https://speedcubeshop.com/collections/more-puzzles/products/shengshou-kilominx
QiYi Dino Cube - Stickerless (Bright),LE 113.98,https://speedcubeshop.com/collections/more-puzzles/products/qiyi-dino-cube
MoFang JiaoShi MeiLong Kilominx - Stickerless (Bright),LE 171.44,https://speedcubeshop.com/collections/more-puzzles/products/mofang-jiaoshi-meilong-kilominx
QiYi Mastermorphix - Stickerless (Bright),LE 113.98,https://speedcubeshop.com/collections/more-puzzles/products/qiyi-mastermorphix
MoFang JiaoShi Mastermorphix - Stickerless (Bright),LE 94.82,https://speedcubeshop.com/collections/more-puzzles/products/mofang-jiaoshi-mastermorphix
Fanxin 2x2 Megaminx - Stickerless (Pink),LE 171.44,https://speedcubeshop.com/collections/more-puzzles/products/fanxin-2x2-megaminx
ShengShou Gigaminx - Black,LE 746.11,https://speedcubeshop.com/collections/more-puzzles/products/shengshou-gigaminx
QiYi O2 Cube - Stickerless (Bright),starting at LE 113.98,https://speedcubeshop.com/collections/more-puzzles/products/qiyi-o2-cube
ShengShou Dino Cube - Stickerless (Bright),LE 133.13,https://speedcubeshop.com/collections/more-puzzles/products/shengshou-dino-cube
LanLan 2x2 Dodecahedron - Black,LE 152.29,https://speedcubeshop.com/collections/more-puzzles/products/lanlan-2x2-dodecahedron
MoYu Rainbow Ball (Mini),LE 94.82,https://speedcubeshop.com/collections/more-puzzles/products/moyu-rainbow-ball-mini
Z Curvy Copter - Black,LE 267.22,https://speedcubeshop.com/collections/more-puzzles/products/z-curvy-copter
ShengShou Kilominx - Black,LE 209.75,https://speedcubeshop.com/collections/more-puzzles/products/shengshou-kilominx
QiYi Dino Cube - Stickerless (Bright),LE 113.98,https://speedcubeshop.com/collections/more-puzzles/products/qiyi-dino-cube
MoFang JiaoShi MeiLong Kilominx - Stickerless (Bright),LE 171.44,https://speedcubeshop.com/collections/more-puzzles/products/mofang-jiaoshi-meilong-kilominx
QiYi Mastermorphix - Stickerless (Bright),LE 113.98,https://speedcubeshop.com/collections/more-puzzles/products/qiyi-mastermorphix
MoFang JiaoShi Mastermorphix - Stickerless (Bright),LE 94.82,https://speedcubeshop.com/collections/more-puzzles/products/mofang-jiaoshi-mastermorphix
Fanxin 2x2 Megaminx - Stickerless (Pink),LE 171.44,https://speedcubeshop.com/collections/more-puzzles/products/fanxin-2x2-megaminx
ShengShou Gigaminx - Black,LE 746.11,https://speedcubeshop.com/collections/more-puzzles/products/shengshou-gigaminx
QiYi O2 Cube - Stickerless (Bright),starting at LE 113.98,https://speedcubeshop.com/collections/more-puzzles/products/qiyi-o2-cube
ShengShou Dino Cube - Stickerless (Bright),LE 133.13,https://speedcubeshop.com/collections/more-puzzles/products/shengshou-dino-cube
LanLan 2x2 Dodecahedron - Black,LE 152.29,https://speedcubeshop.com/collections/more-puzzles/products/lanlan-2x2-dodecahedron
MoYu Rainbow Ball (Mini),LE 94.82,https://speedcubeshop.com/collections/more-puzzles/products/moyu-rainbow-ball-mini
Z Curvy Copter - Black,LE 267.22,https://speedcubeshop.com/collections/more-puzzles/products/z-curvy-copter
ShengShou Kilominx - Black,LE 209.75,https://speedcubeshop.com/collections/more-puzzles/products/shengshou-kilominx
QiYi Dino Cube - Stickerless (Bright),LE 113.98,https://speedcubeshop.com/collections/more-puzzles/products/qiyi-dino-cube
MoFang JiaoShi MeiLong Kilominx - Stickerless (Bright),LE 171.44,https://speedcubeshop.com/collections/more-puzzles/products/mofang-jiaoshi-meilong-kilominx
QiYi Mastermorphix - Stickerless (Bright),LE 113.98,https://speedcubeshop.com/collections/more-puzzles/products/qiyi-mastermorphix
MoFang JiaoShi Mastermorphix - Stickerless (Bright),LE 94.82,https://speedcubeshop.com/collections/more-puzzles/products/mofang-jiaoshi-mastermorphix
Fanxin 2x2 Megaminx - Stickerless (Pink),LE 171.44,https://speedcubeshop.com/collections/more-puzzles/products/fanxin-2x2-megaminx
ShengShou Gigaminx - Black,LE 746.11,https://speedcubeshop.com/collections/more-puzzles/products/shengshou-gigaminx
QiYi O2 Cube - Stickerless (Bright),starting at LE 113.98,https://speedcubeshop.com/collections/more-puzzles/products/qiyi-o2-cube
ShengShou Dino Cube - Stickerless (Bright),LE 133.13,https://speedcubeshop.com/collections/more-puzzles/products/shengshou-dino-cube
LanLan 2x2 Dodecahedron - Black,LE 152.29,https://speedcubeshop.com/collections/more-puzzles/products/lanlan-2x2-dodecahedron
MoYu Rainbow Ball (Mini),LE 94.82,https://speedcubeshop.com/collections/more-puzzles/products/moyu-rainbow-ball-mini
Z Curvy Copter - Black,LE 267.22,https://speedcubeshop.com/collections/more-puzzles/products/z-curvy-copter
ShengShou Kilominx - Black,LE 209.75,https://speedcubeshop.com/collections/more-puzzles/products/shengshou-kilominx
QiYi Dino Cube - Stickerless (Bright),LE 113.98,https://speedcubeshop.com/collections/more-puzzles/products/qiyi-dino-cube
MoFang JiaoShi MeiLong Kilominx - Stickerless (Bright),LE 171.44,https://speedcubeshop.com/collections/more-puzzles/products/mofang-jiaoshi-meilong-kilominx
QiYi Mastermorphix - Stickerless (Bright),LE 113.98,https://speedcubeshop.com/collections/more-puzzles/products/qiyi-mastermorphix
MoFang JiaoShi Mastermorphix - Stickerless (Bright),LE 94.82,https://speedcubeshop.com/collections/more-puzzles/products/mofang-jiaoshi-mastermorphix
Fanxin 2x2 Megaminx - Stickerless (Pink),LE 171.44,https://speedcubeshop.com/collections/more-puzzles/products/fanxin-2x2-megaminx
ShengShou Gigaminx - Black,LE 746.11,https://speedcubeshop.com/collections/more-puzzles/products/shengshou-gigaminx
QiYi O2 Cube - Stickerless (Bright),starting at LE 113.98,https://speedcubeshop.com/collections/more-puzzles/products/qiyi-o2-cube
ShengShou Dino Cube - Stickerless (Bright),LE 133.13,https://speedcubeshop.com/collections/more-puzzles/products/shengshou-dino-cube
LanLan 2x2 Dodecahedron - Black,LE 152.29,https://speedcubeshop.com/collections/more-puzzles/products/lanlan-2x2-dodecahedron
MoYu Rainbow Ball (Mini),LE 94.82,https://speedcubeshop.com/collections/more-puzzles/products/moyu-rainbow-ball-mini
Z Curvy Copter - Black,LE 267.22,https://speedcubeshop.com/collections/more-puzzles/products/z-curvy-copter
YJ Pocket Timer - Blue,LE 190.60,https://speedcubeshop.com/collections/must-haves/products/yj-pocket-timer
Z CFOP Algorithm Set,LE 18.20,https://speedcubeshop.com/collections/must-haves/products/z-cfop-algorithm-set
GAN 330 3x3 Keychain - Stickerless (Bright),LE 133.13,https://speedcubeshop.com/collections/must-haves/products/gan-330-3x3-keychain
Cube Stand V3 - White,LE 15.13,https://speedcubeshop.com/collections/must-haves/products/cube-stand-v3
1x1 Speed Cube - Black,LE 56.51,https://speedcubeshop.com/collections/must-haves/products/1x1-speed-cube
SCS Cube Bag V3 - Black,LE 47.70,https://speedcubeshop.com/collections/must-haves/products/scs-cube-bag-v3
Cosmic Cube Bag - Black,LE 47.70,https://speedcubeshop.com/collections/must-haves/products/cosmic-cube-bag
Color Brick Speed Cube - Black,LE 190.60,https://speedcubeshop.com/collections/must-haves/products/color-brick-speed-cube
QiYi 1x3x3 Spinner - Black,LE 248.06,https://speedcubeshop.com/collections/must-haves/products/qiyi-1x3x3-spinner
YuXin Treasure Box - Stickerless (Bright),LE 248.06,https://speedcubeshop.com/collections/must-haves/products/yuxin-treasure-box
Legacy Cube Bag - Black,LE 47.70,https://speedcubeshop.com/collections/must-haves/products/legacy-cube-bag
Mini 2x2 Keychain Cube - Stickerless (Bright),LE 56.51,https://speedcubeshop.com/collections/must-haves/products/mini-2x2-keychain-cube
YJ Pocket Timer - Blue,LE 190.60,https://speedcubeshop.com/collections/must-haves/products/yj-pocket-timer
Z CFOP Algorithm Set,LE 18.20,https://speedcubeshop.com/collections/must-haves/products/z-cfop-algorithm-set
GAN 330 3x3 Keychain - Stickerless (Bright),LE 133.13,https://speedcubeshop.com/collections/must-haves/products/gan-330-3x3-keychain
Cube Stand V3 - White,LE 15.13,https://speedcubeshop.com/collections/must-haves/products/cube-stand-v3
1x1 Speed Cube - Black,LE 56.51,https://speedcubeshop.com/collections/must-haves/products/1x1-speed-cube
SCS Cube Bag V3 - Black,LE 47.70,https://speedcubeshop.com/collections/must-haves/products/scs-cube-bag-v3
Cosmic Cube Bag - Black,LE 47.70,https://speedcubeshop.com/collections/must-haves/products/cosmic-cube-bag
Color Brick Speed Cube - Black,LE 190.60,https://speedcubeshop.com/collections/must-haves/products/color-brick-speed-cube
QiYi 1x3x3 Spinner - Black,LE 248.06,https://speedcubeshop.com/collections/must-haves/products/qiyi-1x3x3-spinner
YuXin Treasure Box - Stickerless (Bright),LE 248.06,https://speedcubeshop.com/collections/must-haves/products/yuxin-treasure-box
Legacy Cube Bag - Black,LE 47.70,https://speedcubeshop.com/collections/must-haves/products/legacy-cube-bag
Mini 2x2 Keychain Cube - Stickerless (Bright),LE 56.51,https://speedcubeshop.com/collections/must-haves/products/mini-2x2-keychain-cube
YJ Pocket Timer - Blue,LE 190.60,https://speedcubeshop.com/collections/must-haves/products/yj-pocket-timer
Z CFOP Algorithm Set,LE 18.20,https://speedcubeshop.com/collections/must-haves/products/z-cfop-algorithm-set
GAN 330 3x3 Keychain - Stickerless (Bright),LE 133.13,https://speedcubeshop.com/collections/must-haves/products/gan-330-3x3-keychain
Cube Stand V3 - White,LE 15.13,https://speedcubeshop.com/collections/must-haves/products/cube-stand-v3
1x1 Speed Cube - Black,LE 56.51,https://speedcubeshop.com/collections/must-haves/products/1x1-speed-cube
SCS Cube Bag V3 - Black,LE 47.70,https://speedcubeshop.com/collections/must-haves/products/scs-cube-bag-v3
Cosmic Cube Bag - Black,LE 47.70,https://speedcubeshop.com/collections/must-haves/products/cosmic-cube-bag
Color Brick Speed Cube - Black,LE 190.60,https://speedcubeshop.com/collections/must-haves/products/color-brick-speed-cube
QiYi 1x3x3 Spinner - Black,LE 248.06,https://speedcubeshop.com/collections/must-haves/products/qiyi-1x3x3-spinner
YuXin Treasure Box - Stickerless (Bright),LE 248.06,https://speedcubeshop.com/collections/must-haves/products/yuxin-treasure-box
Legacy Cube Bag - Black,LE 47.70,https://speedcubeshop.com/collections/must-haves/products/legacy-cube-bag
Mini 2x2 Keychain Cube - Stickerless (Bright),LE 56.51,https://speedcubeshop.com/collections/must-haves/products/mini-2x2-keychain-cube
YJ Pocket Timer - Blue,LE 190.60,https://speedcubeshop.com/collections/must-haves/products/yj-pocket-timer
Z CFOP Algorithm Set,LE 18.20,https://speedcubeshop.com/collections/must-haves/products/z-cfop-algorithm-set
GAN 330 3x3 Keychain - Stickerless (Bright),LE 133.13,https://speedcubeshop.com/collections/must-haves/products/gan-330-3x3-keychain
Cube Stand V3 - White,LE 15.13,https://speedcubeshop.com/collections/must-haves/products/cube-stand-v3
1x1 Speed Cube - Black,LE 56.51,https://speedcubeshop.com/collections/must-haves/products/1x1-speed-cube
SCS Cube Bag V3 - Black,LE 47.70,https://speedcubeshop.com/collections/must-haves/products/scs-cube-bag-v3
Cosmic Cube Bag - Black,LE 47.70,https://speedcubeshop.com/collections/must-haves/products/cosmic-cube-bag
Color Brick Speed Cube - Black,LE 190.60,https://speedcubeshop.com/collections/must-haves/products/color-brick-speed-cube
QiYi 1x3x3 Spinner - Black,LE 248.06,https://speedcubeshop.com/collections/must-haves/products/qiyi-1x3x3-spinner
YuXin Treasure Box - Stickerless (Bright),LE 248.06,https://speedcubeshop.com/collections/must-haves/products/yuxin-treasure-box
Legacy Cube Bag - Black,LE 47.70,https://speedcubeshop.com/collections/must-haves/products/legacy-cube-bag
Mini 2x2 Keychain Cube - Stickerless (Bright),LE 56.51,https://speedcubeshop.com/collections/must-haves/products/mini-2x2-keychain-cube
YJ Pocket Timer - Blue,LE 190.60,https://speedcubeshop.com/collections/must-haves/products/yj-pocket-timer
Z CFOP Algorithm Set,LE 18.20,https://speedcubeshop.com/collections/must-haves/products/z-cfop-algorithm-set
GAN 330 3x3 Keychain - Stickerless (Bright),LE 133.13,https://speedcubeshop.com/collections/must-haves/products/gan-330-3x3-keychain
Cube Stand V3 - White,LE 15.13,https://speedcubeshop.com/collections/must-haves/products/cube-stand-v3
1x1 Speed Cube - Black,LE 56.51,https://speedcubeshop.com/collections/must-haves/products/1x1-speed-cube
SCS Cube Bag V3 - Black,LE 47.70,https://speedcubeshop.com/collections/must-haves/products/scs-cube-bag-v3
Cosmic Cube Bag - Black,LE 47.70,https://speedcubeshop.com/collections/must-haves/products/cosmic-cube-bag
Color Brick Speed Cube - Black,LE 190.60,https://speedcubeshop.com/collections/must-haves/products/color-brick-speed-cube
QiYi 1x3x3 Spinner - Black,LE 248.06,https://speedcubeshop.com/collections/must-haves/products/qiyi-1x3x3-spinner
YuXin Treasure Box - Stickerless (Bright),LE 248.06,https://speedcubeshop.com/collections/must-haves/products/yuxin-treasure-box
Legacy Cube Bag - Black,LE 47.70,https://speedcubeshop.com/collections/must-haves/products/legacy-cube-bag
Mini 2x2 Keychain Cube - Stickerless (Bright),LE 56.51,https://speedcubeshop.com/collections/must-haves/products/mini-2x2-keychain-cube
YJ Pocket Timer - Blue,LE 190.60,https://speedcubeshop.com/collections/must-haves/products/yj-pocket-timer
Z CFOP Algorithm Set,LE 18.20,https://speedcubeshop.com/collections/must-haves/products/z-cfop-algorithm-set
GAN 330 3x3 Keychain - Stickerless (Bright),LE 133.13,https://speedcubeshop.com/collections/must-haves/products/gan-330-3x3-keychain
Cube Stand V3 - White,LE 15.13,https://speedcubeshop.com/collections/must-haves/products/cube-stand-v3
1x1 Speed Cube - Black,LE 56.51,https://speedcubeshop.com/collections/must-haves/products/1x1-speed-cube
SCS Cube Bag V3 - Black,LE 47.70,https://speedcubeshop.com/collections/must-haves/products/scs-cube-bag-v3
Cosmic Cube Bag - Black,LE 47.70,https://speedcubeshop.com/collections/must-haves/products/cosmic-cube-bag
Color Brick Speed Cube - Black,LE 190.60,https://speedcubeshop.com/collections/must-haves/products/color-brick-speed-cube
QiYi 1x3x3 Spinner - Black,LE 248.06,https://speedcubeshop.com/collections/must-haves/products/qiyi-1x3x3-spinner
YuXin Treasure Box - Stickerless (Bright),LE 248.06,https://speedcubeshop.com/collections/must-haves/products/yuxin-treasure-box
Legacy Cube Bag - Black,LE 47.70,https://speedcubeshop.com/collections/must-haves/products/legacy-cube-bag
Mini 2x2 Keychain Cube - Stickerless (Bright),LE 56.51,https://speedcubeshop.com/collections/must-haves/products/mini-2x2-keychain-cube
YJ Pocket Timer - Blue,LE 190.60,https://speedcubeshop.com/collections/must-haves/products/yj-pocket-timer
Z CFOP Algorithm Set,LE 18.20,https://speedcubeshop.com/collections/must-haves/products/z-cfop-algorithm-set
GAN 330 3x3 Keychain - Stickerless (Bright),LE 133.13,https://speedcubeshop.com/collections/must-haves/products/gan-330-3x3-keychain
Cube Stand V3 - White,LE 15.13,https://speedcubeshop.com/collections/must-haves/products/cube-stand-v3
1x1 Speed Cube - Black,LE 56.51,https://speedcubeshop.com/collections/must-haves/products/1x1-speed-cube
SCS Cube Bag V3 - Black,LE 47.70,https://speedcubeshop.com/collections/must-haves/products/scs-cube-bag-v3
Cosmic Cube Bag - Black,LE 47.70,https://speedcubeshop.com/collections/must-haves/products/cosmic-cube-bag
Color Brick Speed Cube - Black,LE 190.60,https://speedcubeshop.com/collections/must-haves/products/color-brick-speed-cube
QiYi 1x3x3 Spinner - Black,LE 248.06,https://speedcubeshop.com/collections/must-haves/products/qiyi-1x3x3-spinner
YuXin Treasure Box - Stickerless (Bright),LE 248.06,https://speedcubeshop.com/collections/must-haves/products/yuxin-treasure-box
Legacy Cube Bag - Black,LE 47.70,https://speedcubeshop.com/collections/must-haves/products/legacy-cube-bag
Mini 2x2 Keychain Cube - Stickerless (Bright),LE 56.51,https://speedcubeshop.com/collections/must-haves/products/mini-2x2-keychain-cube
YJ Pocket Timer - Blue,LE 190.60,https://speedcubeshop.com/collections/must-haves/products/yj-pocket-timer
Z CFOP Algorithm Set,LE 18.20,https://speedcubeshop.com/collections/must-haves/products/z-cfop-algorithm-set
GAN 330 3x3 Keychain - Stickerless (Bright),LE 133.13,https://speedcubeshop.com/collections/must-haves/products/gan-330-3x3-keychain
Cube Stand V3 - White,LE 15.13,https://speedcubeshop.com/collections/must-haves/products/cube-stand-v3
1x1 Speed Cube - Black,LE 56.51,https://speedcubeshop.com/collections/must-haves/products/1x1-speed-cube
SCS Cube Bag V3 - Black,LE 47.70,https://speedcubeshop.com/collections/must-haves/products/scs-cube-bag-v3
Cosmic Cube Bag - Black,LE 47.70,https://speedcubeshop.com/collections/must-haves/products/cosmic-cube-bag
Color Brick Speed Cube - Black,LE 190.60,https://speedcubeshop.com/collections/must-haves/products/color-brick-speed-cube
QiYi 1x3x3 Spinner - Black,LE 248.06,https://speedcubeshop.com/collections/must-haves/products/qiyi-1x3x3-spinner
YuXin Treasure Box - Stickerless (Bright),LE 248.06,https://speedcubeshop.com/collections/must-haves/products/yuxin-treasure-box
Legacy Cube Bag - Black,LE 47.70,https://speedcubeshop.com/collections/must-haves/products/legacy-cube-bag
Mini 2x2 Keychain Cube - Stickerless (Bright),LE 56.51,https://speedcubeshop.com/collections/must-haves/products/mini-2x2-keychain-cube
YJ Pocket Timer - Blue,LE 190.60,https://speedcubeshop.com/collections/must-haves/products/yj-pocket-timer
Z CFOP Algorithm Set,LE 18.20,https://speedcubeshop.com/collections/must-haves/products/z-cfop-algorithm-set
GAN 330 3x3 Keychain - Stickerless (Bright),LE 133.13,https://speedcubeshop.com/collections/must-haves/products/gan-330-3x3-keychain
Cube Stand V3 - White,LE 15.13,https://speedcubeshop.com/collections/must-haves/products/cube-stand-v3
1x1 Speed Cube - Black,LE 56.51,https://speedcubeshop.com/collections/must-haves/products/1x1-speed-cube
SCS Cube Bag V3 - Black,LE 47.70,https://speedcubeshop.com/collections/must-haves/products/scs-cube-bag-v3
Cosmic Cube Bag - Black,LE 47.70,https://speedcubeshop.com/collections/must-haves/products/cosmic-cube-bag
Color Brick Speed Cube - Black,LE 190.60,https://speedcubeshop.com/collections/must-haves/products/color-brick-speed-cube
QiYi 1x3x3 Spinner - Black,LE 248.06,https://speedcubeshop.com/collections/must-haves/products/qiyi-1x3x3-spinner
YuXin Treasure Box - Stickerless (Bright),LE 248.06,https://speedcubeshop.com/collections/must-haves/products/yuxin-treasure-box
Legacy Cube Bag - Black,LE 47.70,https://speedcubeshop.com/collections/must-haves/products/legacy-cube-bag
Mini 2x2 Keychain Cube - Stickerless (Bright),LE 56.51,https://speedcubeshop.com/collections/must-haves/products/mini-2x2-keychain-cube
Son Goku Dragon Ball Z Nanoblock,LE 228.91,https://speedcubeshop.com/collections/nanoblocks/products/son-goku-dragon-ball-z-nanoblock
Rayquaza Pokemon Nanoblock,LE 228.91,https://speedcubeshop.com/collections/nanoblocks/products/rayquaza-pokemon-nanoblock
Son Goku Super Saiyan Dragon Ball Z Nanoblock,LE 228.91,https://speedcubeshop.com/collections/nanoblocks/products/son-goku-super-saiyan-dragon-ball-z-nanoblock
Greninja Pokemon Nanoblock,LE 228.91,https://speedcubeshop.com/collections/nanoblocks/products/greninja-pokemon-nanoblock
Lucario Pokemon Nanoblock,LE 228.91,https://speedcubeshop.com/collections/nanoblocks/products/lucario-pokemon-nanoblock
Articuno Pokemon Nanoblock,LE 228.91,https://speedcubeshop.com/collections/nanoblocks/products/articuno-pokemon-nanoblock
Lugia Pokemon Nanoblock,LE 228.91,https://speedcubeshop.com/collections/nanoblocks/products/lugia-pokemon-nanoblock
Blastoise Pokemon Nanoblock,LE 228.91,https://speedcubeshop.com/collections/nanoblocks/products/blastoise-pokemon-nanoblock
Venusaur Pokemon Nanoblock,LE 228.91,https://speedcubeshop.com/collections/nanoblocks/products/venusaur-pokemon-nanoblock
Snorlax Pokemon Nanoblock,LE 228.91,https://speedcubeshop.com/collections/nanoblocks/products/snorlax-pokemon-nanoblock
Dragonite Pokemon Nanoblock,LE 228.91,https://speedcubeshop.com/collections/nanoblocks/products/dragonite-pokemon-nanoblock
Gengar Pokemon Nanoblock,LE 228.91,https://speedcubeshop.com/collections/nanoblocks/products/gengar-pokemon-nanoblock
Son Goku Dragon Ball Z Nanoblock,LE 228.91,https://speedcubeshop.com/collections/nanoblocks/products/son-goku-dragon-ball-z-nanoblock
Rayquaza Pokemon Nanoblock,LE 228.91,https://speedcubeshop.com/collections/nanoblocks/products/rayquaza-pokemon-nanoblock
Son Goku Super Saiyan Dragon Ball Z Nanoblock,LE 228.91,https://speedcubeshop.com/collections/nanoblocks/products/son-goku-super-saiyan-dragon-ball-z-nanoblock
Greninja Pokemon Nanoblock,LE 228.91,https://speedcubeshop.com/collections/nanoblocks/products/greninja-pokemon-nanoblock
Lucario Pokemon Nanoblock,LE 228.91,https://speedcubeshop.com/collections/nanoblocks/products/lucario-pokemon-nanoblock
Articuno Pokemon Nanoblock,LE 228.91,https://speedcubeshop.com/collections/nanoblocks/products/articuno-pokemon-nanoblock
Lugia Pokemon Nanoblock,LE 228.91,https://speedcubeshop.com/collections/nanoblocks/products/lugia-pokemon-nanoblock
Blastoise Pokemon Nanoblock,LE 228.91,https://speedcubeshop.com/collections/nanoblocks/products/blastoise-pokemon-nanoblock
Venusaur Pokemon Nanoblock,LE 228.91,https://speedcubeshop.com/collections/nanoblocks/products/venusaur-pokemon-nanoblock
Snorlax Pokemon Nanoblock,LE 228.91,https://speedcubeshop.com/collections/nanoblocks/products/snorlax-pokemon-nanoblock
Dragonite Pokemon Nanoblock,LE 228.91,https://speedcubeshop.com/collections/nanoblocks/products/dragonite-pokemon-nanoblock
Gengar Pokemon Nanoblock,LE 228.91,https://speedcubeshop.com/collections/nanoblocks/products/gengar-pokemon-nanoblock
Son Goku Dragon Ball Z Nanoblock,LE 228.91,https://speedcubeshop.com/collections/nanoblocks/products/son-goku-dragon-ball-z-nanoblock
Rayquaza Pokemon Nanoblock,LE 228.91,https://speedcubeshop.com/collections/nanoblocks/products/rayquaza-pokemon-nanoblock
Son Goku Super Saiyan Dragon Ball Z Nanoblock,LE 228.91,https://speedcubeshop.com/collections/nanoblocks/products/son-goku-super-saiyan-dragon-ball-z-nanoblock
Greninja Pokemon Nanoblock,LE 228.91,https://speedcubeshop.com/collections/nanoblocks/products/greninja-pokemon-nanoblock
Lucario Pokemon Nanoblock,LE 228.91,https://speedcubeshop.com/collections/nanoblocks/products/lucario-pokemon-nanoblock
Articuno Pokemon Nanoblock,LE 228.91,https://speedcubeshop.com/collections/nanoblocks/products/articuno-pokemon-nanoblock
Lugia Pokemon Nanoblock,LE 228.91,https://speedcubeshop.com/collections/nanoblocks/products/lugia-pokemon-nanoblock
Blastoise Pokemon Nanoblock,LE 228.91,https://speedcubeshop.com/collections/nanoblocks/products/blastoise-pokemon-nanoblock
Venusaur Pokemon Nanoblock,LE 228.91,https://speedcubeshop.com/collections/nanoblocks/products/venusaur-pokemon-nanoblock
Snorlax Pokemon Nanoblock,LE 228.91,https://speedcubeshop.com/collections/nanoblocks/products/snorlax-pokemon-nanoblock
Dragonite Pokemon Nanoblock,LE 228.91,https://speedcubeshop.com/collections/nanoblocks/products/dragonite-pokemon-nanoblock
Gengar Pokemon Nanoblock,LE 228.91,https://speedcubeshop.com/collections/nanoblocks/products/gengar-pokemon-nanoblock
Son Goku Dragon Ball Z Nanoblock,LE 228.91,https://speedcubeshop.com/collections/nanoblocks/products/son-goku-dragon-ball-z-nanoblock
Rayquaza Pokemon Nanoblock,LE 228.91,https://speedcubeshop.com/collections/nanoblocks/products/rayquaza-pokemon-nanoblock
Son Goku Super Saiyan Dragon Ball Z Nanoblock,LE 228.91,https://speedcubeshop.com/collections/nanoblocks/products/son-goku-super-saiyan-dragon-ball-z-nanoblock
Greninja Pokemon Nanoblock,LE 228.91,https://speedcubeshop.com/collections/nanoblocks/products/greninja-pokemon-nanoblock
Lucario Pokemon Nanoblock,LE 228.91,https://speedcubeshop.com/collections/nanoblocks/products/lucario-pokemon-nanoblock
Articuno Pokemon Nanoblock,LE 228.91,https://speedcubeshop.com/collections/nanoblocks/products/articuno-pokemon-nanoblock
Lugia Pokemon Nanoblock,LE 228.91,https://speedcubeshop.com/collections/nanoblocks/products/lugia-pokemon-nanoblock
Blastoise Pokemon Nanoblock,LE 228.91,https://speedcubeshop.com/collections/nanoblocks/products/blastoise-pokemon-nanoblock
Venusaur Pokemon Nanoblock,LE 228.91,https://speedcubeshop.com/collections/nanoblocks/products/venusaur-pokemon-nanoblock
Snorlax Pokemon Nanoblock,LE 228.91,https://speedcubeshop.com/collections/nanoblocks/products/snorlax-pokemon-nanoblock
Dragonite Pokemon Nanoblock,LE 228.91,https://speedcubeshop.com/collections/nanoblocks/products/dragonite-pokemon-nanoblock
Gengar Pokemon Nanoblock,LE 228.91,https://speedcubeshop.com/collections/nanoblocks/products/gengar-pokemon-nanoblock
Son Goku Dragon Ball Z Nanoblock,LE 228.91,https://speedcubeshop.com/collections/nanoblocks/products/son-goku-dragon-ball-z-nanoblock
Rayquaza Pokemon Nanoblock,LE 228.91,https://speedcubeshop.com/collections/nanoblocks/products/rayquaza-pokemon-nanoblock
Son Goku Super Saiyan Dragon Ball Z Nanoblock,LE 228.91,https://speedcubeshop.com/collections/nanoblocks/products/son-goku-super-saiyan-dragon-ball-z-nanoblock
Greninja Pokemon Nanoblock,LE 228.91,https://speedcubeshop.com/collections/nanoblocks/products/greninja-pokemon-nanoblock
Lucario Pokemon Nanoblock,LE 228.91,https://speedcubeshop.com/collections/nanoblocks/products/lucario-pokemon-nanoblock
Articuno Pokemon Nanoblock,LE 228.91,https://speedcubeshop.com/collections/nanoblocks/products/articuno-pokemon-nanoblock
Lugia Pokemon Nanoblock,LE 228.91,https://speedcubeshop.com/collections/nanoblocks/products/lugia-pokemon-nanoblock
Blastoise Pokemon Nanoblock,LE 228.91,https://speedcubeshop.com/collections/nanoblocks/products/blastoise-pokemon-nanoblock
Venusaur Pokemon Nanoblock,LE 228.91,https://speedcubeshop.com/collections/nanoblocks/products/venusaur-pokemon-nanoblock
Snorlax Pokemon Nanoblock,LE 228.91,https://speedcubeshop.com/collections/nanoblocks/products/snorlax-pokemon-nanoblock
Dragonite Pokemon Nanoblock,LE 228.91,https://speedcubeshop.com/collections/nanoblocks/products/dragonite-pokemon-nanoblock
Gengar Pokemon Nanoblock,LE 228.91,https://speedcubeshop.com/collections/nanoblocks/products/gengar-pokemon-nanoblock
Son Goku Dragon Ball Z Nanoblock,LE 228.91,https://speedcubeshop.com/collections/nanoblocks/products/son-goku-dragon-ball-z-nanoblock
Rayquaza Pokemon Nanoblock,LE 228.91,https://speedcubeshop.com/collections/nanoblocks/products/rayquaza-pokemon-nanoblock
Son Goku Super Saiyan Dragon Ball Z Nanoblock,LE 228.91,https://speedcubeshop.com/collections/nanoblocks/products/son-goku-super-saiyan-dragon-ball-z-nanoblock
Greninja Pokemon Nanoblock,LE 228.91,https://speedcubeshop.com/collections/nanoblocks/products/greninja-pokemon-nanoblock
Lucario Pokemon Nanoblock,LE 228.91,https://speedcubeshop.com/collections/nanoblocks/products/lucario-pokemon-nanoblock
Articuno Pokemon Nanoblock,LE 228.91,https://speedcubeshop.com/collections/nanoblocks/products/articuno-pokemon-nanoblock
Lugia Pokemon Nanoblock,LE 228.91,https://speedcubeshop.com/collections/nanoblocks/products/lugia-pokemon-nanoblock
Blastoise Pokemon Nanoblock,LE 228.91,https://speedcubeshop.com/collections/nanoblocks/products/blastoise-pokemon-nanoblock
Venusaur Pokemon Nanoblock,LE 228.91,https://speedcubeshop.com/collections/nanoblocks/products/venusaur-pokemon-nanoblock
Snorlax Pokemon Nanoblock,LE 228.91,https://speedcubeshop.com/collections/nanoblocks/products/snorlax-pokemon-nanoblock
Dragonite Pokemon Nanoblock,LE 228.91,https://speedcubeshop.com/collections/nanoblocks/products/dragonite-pokemon-nanoblock
Gengar Pokemon Nanoblock,LE 228.91,https://speedcubeshop.com/collections/nanoblocks/products/gengar-pokemon-nanoblock
Son Goku Dragon Ball Z Nanoblock,LE 228.91,https://speedcubeshop.com/collections/nanoblocks/products/son-goku-dragon-ball-z-nanoblock
Rayquaza Pokemon Nanoblock,LE 228.91,https://speedcubeshop.com/collections/nanoblocks/products/rayquaza-pokemon-nanoblock
Son Goku Super Saiyan Dragon Ball Z Nanoblock,LE 228.91,https://speedcubeshop.com/collections/nanoblocks/products/son-goku-super-saiyan-dragon-ball-z-nanoblock
Greninja Pokemon Nanoblock,LE 228.91,https://speedcubeshop.com/collections/nanoblocks/products/greninja-pokemon-nanoblock
Lucario Pokemon Nanoblock,LE 228.91,https://speedcubeshop.com/collections/nanoblocks/products/lucario-pokemon-nanoblock
Articuno Pokemon Nanoblock,LE 228.91,https://speedcubeshop.com/collections/nanoblocks/products/articuno-pokemon-nanoblock
Lugia Pokemon Nanoblock,LE 228.91,https://speedcubeshop.com/collections/nanoblocks/products/lugia-pokemon-nanoblock
Blastoise Pokemon Nanoblock,LE 228.91,https://speedcubeshop.com/collections/nanoblocks/products/blastoise-pokemon-nanoblock
Venusaur Pokemon Nanoblock,LE 228.91,https://speedcubeshop.com/collections/nanoblocks/products/venusaur-pokemon-nanoblock
Snorlax Pokemon Nanoblock,LE 228.91,https://speedcubeshop.com/collections/nanoblocks/products/snorlax-pokemon-nanoblock
Dragonite Pokemon Nanoblock,LE 228.91,https://speedcubeshop.com/collections/nanoblocks/products/dragonite-pokemon-nanoblock
Gengar Pokemon Nanoblock,LE 228.91,https://speedcubeshop.com/collections/nanoblocks/products/gengar-pokemon-nanoblock
Son Goku Dragon Ball Z Nanoblock,LE 228.91,https://speedcubeshop.com/collections/nanoblocks/products/son-goku-dragon-ball-z-nanoblock
Rayquaza Pokemon Nanoblock,LE 228.91,https://speedcubeshop.com/collections/nanoblocks/products/rayquaza-pokemon-nanoblock
Son Goku Super Saiyan Dragon Ball Z Nanoblock,LE 228.91,https://speedcubeshop.com/collections/nanoblocks/products/son-goku-super-saiyan-dragon-ball-z-nanoblock
Greninja Pokemon Nanoblock,LE 228.91,https://speedcubeshop.com/collections/nanoblocks/products/greninja-pokemon-nanoblock
Lucario Pokemon Nanoblock,LE 228.91,https://speedcubeshop.com/collections/nanoblocks/products/lucario-pokemon-nanoblock
Articuno Pokemon Nanoblock,LE 228.91,https://speedcubeshop.com/collections/nanoblocks/products/articuno-pokemon-nanoblock
Lugia Pokemon Nanoblock,LE 228.91,https://speedcubeshop.com/collections/nanoblocks/products/lugia-pokemon-nanoblock
Blastoise Pokemon Nanoblock,LE 228.91,https://speedcubeshop.com/collections/nanoblocks/products/blastoise-pokemon-nanoblock
Venusaur Pokemon Nanoblock,LE 228.91,https://speedcubeshop.com/collections/nanoblocks/products/venusaur-pokemon-nanoblock
Snorlax Pokemon Nanoblock,LE 228.91,https://speedcubeshop.com/collections/nanoblocks/products/snorlax-pokemon-nanoblock
Dragonite Pokemon Nanoblock,LE 228.91,https://speedcubeshop.com/collections/nanoblocks/products/dragonite-pokemon-nanoblock
Gengar Pokemon Nanoblock,LE 228.91,https://speedcubeshop.com/collections/nanoblocks/products/gengar-pokemon-nanoblock
Son Goku Dragon Ball Z Nanoblock,LE 228.91,https://speedcubeshop.com/collections/nanoblocks/products/son-goku-dragon-ball-z-nanoblock
Rayquaza Pokemon Nanoblock,LE 228.91,https://speedcubeshop.com/collections/nanoblocks/products/rayquaza-pokemon-nanoblock
Son Goku Super Saiyan Dragon Ball Z Nanoblock,LE 228.91,https://speedcubeshop.com/collections/nanoblocks/products/son-goku-super-saiyan-dragon-ball-z-nanoblock
Greninja Pokemon Nanoblock,LE 228.91,https://speedcubeshop.com/collections/nanoblocks/products/greninja-pokemon-nanoblock
Lucario Pokemon Nanoblock,LE 228.91,https://speedcubeshop.com/collections/nanoblocks/products/lucario-pokemon-nanoblock
Articuno Pokemon Nanoblock,LE 228.91,https://speedcubeshop.com/collections/nanoblocks/products/articuno-pokemon-nanoblock
Lugia Pokemon Nanoblock,LE 228.91,https://speedcubeshop.com/collections/nanoblocks/products/lugia-pokemon-nanoblock
Blastoise Pokemon Nanoblock,LE 228.91,https://speedcubeshop.com/collections/nanoblocks/products/blastoise-pokemon-nanoblock
Venusaur Pokemon Nanoblock,LE 228.91,https://speedcubeshop.com/collections/nanoblocks/products/venusaur-pokemon-nanoblock
Snorlax Pokemon Nanoblock,LE 228.91,https://speedcubeshop.com/collections/nanoblocks/products/snorlax-pokemon-nanoblock
Dragonite Pokemon Nanoblock,LE 228.91,https://speedcubeshop.com/collections/nanoblocks/products/dragonite-pokemon-nanoblock
Gengar Pokemon Nanoblock,LE 228.91,https://speedcubeshop.com/collections/nanoblocks/products/gengar-pokemon-nanoblock
Super Saiyan God Son Goku Model Kit - Dragon Ball,LE 228.91,https://speedcubeshop.com/collections/plastic-kits/products/super-saiyan-god-son-goku-model-kit-dragon-ball
Entry Nipper Tool - Bandai Spirits - Blue,LE 190.60,https://speedcubeshop.com/collections/plastic-kits/products/entry-nipper-tool-bandai-spirits
RX-78-2 Gundam (Ver. 3.0) MG Model Kit - Mobile Suit Gundam,LE 937.66,https://speedcubeshop.com/collections/plastic-kits/products/rx-78-2-gundam-ver-3-0-mg-model-kit-mobile-suit-gundam
OZ-00MS Tallgeese (EW) RG Model Kit - Gundam Wing: Endless Waltz,LE 592.86,https://speedcubeshop.com/collections/plastic-kits/products/oz-00ms-tallgeese-ew-rg-model-kit-gundam-wing-endless-waltz
Eevee Pokemon Model (Quick) - Bandai Spirits 07,LE 190.60,https://speedcubeshop.com/collections/plastic-kits/products/eevee-pokemon-model-quick-bandai-spirits-07
RX-93 Nu Gundam (Ver. Ka) MG Model Kit - Char's Counterattack,"LE 1,435.70",https://speedcubeshop.com/collections/plastic-kits/products/rx-93-nu-gundam-ver-ka-mg-model-kit-chars-counterattack
Aile Strike Gundam (Ver. RM) MG Model Kit - Gundam SEED,LE 899.35,https://speedcubeshop.com/collections/plastic-kits/products/aile-strike-gundam-ver-rm-mg-model-kit-gundam-seed
Strike Freedom Gundam SD Ex-Standard Model Kit - Gundam SEED Destiny,LE 133.13,https://speedcubeshop.com/collections/plastic-kits/products/strike-freedom-gundam-sd-ex-standard-model-kit-gundam-seed-destiny
Freedom Gundam SDGCS #08 Model Kit - Gundam SEED,LE 228.91,https://speedcubeshop.com/collections/plastic-kits/products/freedom-gundam-sdgcs-08-model-kit-gundam-seed
Freedom Gundam V2 MG Model Kit - Gundam SEED,LE 956.82,https://speedcubeshop.com/collections/plastic-kits/products/freedom-gundam-v2-mg-model-kit-gundam-seed
Wing Zero Gundam MG Model Kit - Gundam Wing: Endless Waltz,LE 803.57,https://speedcubeshop.com/collections/plastic-kits/products/wing-zero-gundam-mg-model-kit-gundam-wing-endless-waltz
Darth Vader Plastic Model Kit - Star Wars,LE 573.71,https://speedcubeshop.com/collections/plastic-kits/products/darth-vader-plastic-model-kit-star-wars
Super Saiyan God Son Goku Model Kit - Dragon Ball,LE 228.91,https://speedcubeshop.com/collections/plastic-kits/products/super-saiyan-god-son-goku-model-kit-dragon-ball
Entry Nipper Tool - Bandai Spirits - Blue,LE 190.60,https://speedcubeshop.com/collections/plastic-kits/products/entry-nipper-tool-bandai-spirits
RX-78-2 Gundam (Ver. 3.0) MG Model Kit - Mobile Suit Gundam,LE 937.66,https://speedcubeshop.com/collections/plastic-kits/products/rx-78-2-gundam-ver-3-0-mg-model-kit-mobile-suit-gundam
OZ-00MS Tallgeese (EW) RG Model Kit - Gundam Wing: Endless Waltz,LE 592.86,https://speedcubeshop.com/collections/plastic-kits/products/oz-00ms-tallgeese-ew-rg-model-kit-gundam-wing-endless-waltz
Eevee Pokemon Model (Quick) - Bandai Spirits 07,LE 190.60,https://speedcubeshop.com/collections/plastic-kits/products/eevee-pokemon-model-quick-bandai-spirits-07
RX-93 Nu Gundam (Ver. Ka) MG Model Kit - Char's Counterattack,"LE 1,435.70",https://speedcubeshop.com/collections/plastic-kits/products/rx-93-nu-gundam-ver-ka-mg-model-kit-chars-counterattack
Aile Strike Gundam (Ver. RM) MG Model Kit - Gundam SEED,LE 899.35,https://speedcubeshop.com/collections/plastic-kits/products/aile-strike-gundam-ver-rm-mg-model-kit-gundam-seed
Strike Freedom Gundam SD Ex-Standard Model Kit - Gundam SEED Destiny,LE 133.13,https://speedcubeshop.com/collections/plastic-kits/products/strike-freedom-gundam-sd-ex-standard-model-kit-gundam-seed-destiny
Freedom Gundam SDGCS #08 Model Kit - Gundam SEED,LE 228.91,https://speedcubeshop.com/collections/plastic-kits/products/freedom-gundam-sdgcs-08-model-kit-gundam-seed
Freedom Gundam V2 MG Model Kit - Gundam SEED,LE 956.82,https://speedcubeshop.com/collections/plastic-kits/products/freedom-gundam-v2-mg-model-kit-gundam-seed
Wing Zero Gundam MG Model Kit - Gundam Wing: Endless Waltz,LE 803.57,https://speedcubeshop.com/collections/plastic-kits/products/wing-zero-gundam-mg-model-kit-gundam-wing-endless-waltz
Darth Vader Plastic Model Kit - Star Wars,LE 573.71,https://speedcubeshop.com/collections/plastic-kits/products/darth-vader-plastic-model-kit-star-wars
Super Saiyan God Son Goku Model Kit - Dragon Ball,LE 228.91,https://speedcubeshop.com/collections/plastic-kits/products/super-saiyan-god-son-goku-model-kit-dragon-ball
Entry Nipper Tool - Bandai Spirits - Blue,LE 190.60,https://speedcubeshop.com/collections/plastic-kits/products/entry-nipper-tool-bandai-spirits
RX-78-2 Gundam (Ver. 3.0) MG Model Kit - Mobile Suit Gundam,LE 937.66,https://speedcubeshop.com/collections/plastic-kits/products/rx-78-2-gundam-ver-3-0-mg-model-kit-mobile-suit-gundam
OZ-00MS Tallgeese (EW) RG Model Kit - Gundam Wing: Endless Waltz,LE 592.86,https://speedcubeshop.com/collections/plastic-kits/products/oz-00ms-tallgeese-ew-rg-model-kit-gundam-wing-endless-waltz
Eevee Pokemon Model (Quick) - Bandai Spirits 07,LE 190.60,https://speedcubeshop.com/collections/plastic-kits/products/eevee-pokemon-model-quick-bandai-spirits-07
RX-93 Nu Gundam (Ver. Ka) MG Model Kit - Char's Counterattack,"LE 1,435.70",https://speedcubeshop.com/collections/plastic-kits/products/rx-93-nu-gundam-ver-ka-mg-model-kit-chars-counterattack
Aile Strike Gundam (Ver. RM) MG Model Kit - Gundam SEED,LE 899.35,https://speedcubeshop.com/collections/plastic-kits/products/aile-strike-gundam-ver-rm-mg-model-kit-gundam-seed
Strike Freedom Gundam SD Ex-Standard Model Kit - Gundam SEED Destiny,LE 133.13,https://speedcubeshop.com/collections/plastic-kits/products/strike-freedom-gundam-sd-ex-standard-model-kit-gundam-seed-destiny
Freedom Gundam SDGCS #08 Model Kit - Gundam SEED,LE 228.91,https://speedcubeshop.com/collections/plastic-kits/products/freedom-gundam-sdgcs-08-model-kit-gundam-seed
Freedom Gundam V2 MG Model Kit - Gundam SEED,LE 956.82,https://speedcubeshop.com/collections/plastic-kits/products/freedom-gundam-v2-mg-model-kit-gundam-seed
Wing Zero Gundam MG Model Kit - Gundam Wing: Endless Waltz,LE 803.57,https://speedcubeshop.com/collections/plastic-kits/products/wing-zero-gundam-mg-model-kit-gundam-wing-endless-waltz
Darth Vader Plastic Model Kit - Star Wars,LE 573.71,https://speedcubeshop.com/collections/plastic-kits/products/darth-vader-plastic-model-kit-star-wars
Super Saiyan God Son Goku Model Kit - Dragon Ball,LE 228.91,https://speedcubeshop.com/collections/plastic-kits/products/super-saiyan-god-son-goku-model-kit-dragon-ball
Entry Nipper Tool - Bandai Spirits - Blue,LE 190.60,https://speedcubeshop.com/collections/plastic-kits/products/entry-nipper-tool-bandai-spirits
RX-78-2 Gundam (Ver. 3.0) MG Model Kit - Mobile Suit Gundam,LE 937.66,https://speedcubeshop.com/collections/plastic-kits/products/rx-78-2-gundam-ver-3-0-mg-model-kit-mobile-suit-gundam
OZ-00MS Tallgeese (EW) RG Model Kit - Gundam Wing: Endless Waltz,LE 592.86,https://speedcubeshop.com/collections/plastic-kits/products/oz-00ms-tallgeese-ew-rg-model-kit-gundam-wing-endless-waltz
Eevee Pokemon Model (Quick) - Bandai Spirits 07,LE 190.60,https://speedcubeshop.com/collections/plastic-kits/products/eevee-pokemon-model-quick-bandai-spirits-07
RX-93 Nu Gundam (Ver. Ka) MG Model Kit - Char's Counterattack,"LE 1,435.70",https://speedcubeshop.com/collections/plastic-kits/products/rx-93-nu-gundam-ver-ka-mg-model-kit-chars-counterattack
Aile Strike Gundam (Ver. RM) MG Model Kit - Gundam SEED,LE 899.35,https://speedcubeshop.com/collections/plastic-kits/products/aile-strike-gundam-ver-rm-mg-model-kit-gundam-seed
Strike Freedom Gundam SD Ex-Standard Model Kit - Gundam SEED Destiny,LE 133.13,https://speedcubeshop.com/collections/plastic-kits/products/strike-freedom-gundam-sd-ex-standard-model-kit-gundam-seed-destiny
Freedom Gundam SDGCS #08 Model Kit - Gundam SEED,LE 228.91,https://speedcubeshop.com/collections/plastic-kits/products/freedom-gundam-sdgcs-08-model-kit-gundam-seed
Freedom Gundam V2 MG Model Kit - Gundam SEED,LE 956.82,https://speedcubeshop.com/collections/plastic-kits/products/freedom-gundam-v2-mg-model-kit-gundam-seed
Wing Zero Gundam MG Model Kit - Gundam Wing: Endless Waltz,LE 803.57,https://speedcubeshop.com/collections/plastic-kits/products/wing-zero-gundam-mg-model-kit-gundam-wing-endless-waltz
Darth Vader Plastic Model Kit - Star Wars,LE 573.71,https://speedcubeshop.com/collections/plastic-kits/products/darth-vader-plastic-model-kit-star-wars
Super Saiyan God Son Goku Model Kit - Dragon Ball,LE 228.91,https://speedcubeshop.com/collections/plastic-kits/products/super-saiyan-god-son-goku-model-kit-dragon-ball
Entry Nipper Tool - Bandai Spirits - Blue,LE 190.60,https://speedcubeshop.com/collections/plastic-kits/products/entry-nipper-tool-bandai-spirits
RX-78-2 Gundam (Ver. 3.0) MG Model Kit - Mobile Suit Gundam,LE 937.66,https://speedcubeshop.com/collections/plastic-kits/products/rx-78-2-gundam-ver-3-0-mg-model-kit-mobile-suit-gundam
OZ-00MS Tallgeese (EW) RG Model Kit - Gundam Wing: Endless Waltz,LE 592.86,https://speedcubeshop.com/collections/plastic-kits/products/oz-00ms-tallgeese-ew-rg-model-kit-gundam-wing-endless-waltz
Eevee Pokemon Model (Quick) - Bandai Spirits 07,LE 190.60,https://speedcubeshop.com/collections/plastic-kits/products/eevee-pokemon-model-quick-bandai-spirits-07
RX-93 Nu Gundam (Ver. Ka) MG Model Kit - Char's Counterattack,"LE 1,435.70",https://speedcubeshop.com/collections/plastic-kits/products/rx-93-nu-gundam-ver-ka-mg-model-kit-chars-counterattack
Aile Strike Gundam (Ver. RM) MG Model Kit - Gundam SEED,LE 899.35,https://speedcubeshop.com/collections/plastic-kits/products/aile-strike-gundam-ver-rm-mg-model-kit-gundam-seed
Strike Freedom Gundam SD Ex-Standard Model Kit - Gundam SEED Destiny,LE 133.13,https://speedcubeshop.com/collections/plastic-kits/products/strike-freedom-gundam-sd-ex-standard-model-kit-gundam-seed-destiny
Freedom Gundam SDGCS #08 Model Kit - Gundam SEED,LE 228.91,https://speedcubeshop.com/collections/plastic-kits/products/freedom-gundam-sdgcs-08-model-kit-gundam-seed
Freedom Gundam V2 MG Model Kit - Gundam SEED,LE 956.82,https://speedcubeshop.com/collections/plastic-kits/products/freedom-gundam-v2-mg-model-kit-gundam-seed
Wing Zero Gundam MG Model Kit - Gundam Wing: Endless Waltz,LE 803.57,https://speedcubeshop.com/collections/plastic-kits/products/wing-zero-gundam-mg-model-kit-gundam-wing-endless-waltz
Darth Vader Plastic Model Kit - Star Wars,LE 573.71,https://speedcubeshop.com/collections/plastic-kits/products/darth-vader-plastic-model-kit-star-wars
Super Saiyan God Son Goku Model Kit - Dragon Ball,LE 228.91,https://speedcubeshop.com/collections/plastic-kits/products/super-saiyan-god-son-goku-model-kit-dragon-ball
Entry Nipper Tool - Bandai Spirits - Blue,LE 190.60,https://speedcubeshop.com/collections/plastic-kits/products/entry-nipper-tool-bandai-spirits
RX-78-2 Gundam (Ver. 3.0) MG Model Kit - Mobile Suit Gundam,LE 937.66,https://speedcubeshop.com/collections/plastic-kits/products/rx-78-2-gundam-ver-3-0-mg-model-kit-mobile-suit-gundam
OZ-00MS Tallgeese (EW) RG Model Kit - Gundam Wing: Endless Waltz,LE 592.86,https://speedcubeshop.com/collections/plastic-kits/products/oz-00ms-tallgeese-ew-rg-model-kit-gundam-wing-endless-waltz
Eevee Pokemon Model (Quick) - Bandai Spirits 07,LE 190.60,https://speedcubeshop.com/collections/plastic-kits/products/eevee-pokemon-model-quick-bandai-spirits-07
RX-93 Nu Gundam (Ver. Ka) MG Model Kit - Char's Counterattack,"LE 1,435.70",https://speedcubeshop.com/collections/plastic-kits/products/rx-93-nu-gundam-ver-ka-mg-model-kit-chars-counterattack
Aile Strike Gundam (Ver. RM) MG Model Kit - Gundam SEED,LE 899.35,https://speedcubeshop.com/collections/plastic-kits/products/aile-strike-gundam-ver-rm-mg-model-kit-gundam-seed
Strike Freedom Gundam SD Ex-Standard Model Kit - Gundam SEED Destiny,LE 133.13,https://speedcubeshop.com/collections/plastic-kits/products/strike-freedom-gundam-sd-ex-standard-model-kit-gundam-seed-destiny
Freedom Gundam SDGCS #08 Model Kit - Gundam SEED,LE 228.91,https://speedcubeshop.com/collections/plastic-kits/products/freedom-gundam-sdgcs-08-model-kit-gundam-seed
Freedom Gundam V2 MG Model Kit - Gundam SEED,LE 956.82,https://speedcubeshop.com/collections/plastic-kits/products/freedom-gundam-v2-mg-model-kit-gundam-seed
Wing Zero Gundam MG Model Kit - Gundam Wing: Endless Waltz,LE 803.57,https://speedcubeshop.com/collections/plastic-kits/products/wing-zero-gundam-mg-model-kit-gundam-wing-endless-waltz
Darth Vader Plastic Model Kit - Star Wars,LE 573.71,https://speedcubeshop.com/collections/plastic-kits/products/darth-vader-plastic-model-kit-star-wars
Super Saiyan God Son Goku Model Kit - Dragon Ball,LE 228.91,https://speedcubeshop.com/collections/plastic-kits/products/super-saiyan-god-son-goku-model-kit-dragon-ball
Entry Nipper Tool - Bandai Spirits - Blue,LE 190.60,https://speedcubeshop.com/collections/plastic-kits/products/entry-nipper-tool-bandai-spirits
RX-78-2 Gundam (Ver. 3.0) MG Model Kit - Mobile Suit Gundam,LE 937.66,https://speedcubeshop.com/collections/plastic-kits/products/rx-78-2-gundam-ver-3-0-mg-model-kit-mobile-suit-gundam
OZ-00MS Tallgeese (EW) RG Model Kit - Gundam Wing: Endless Waltz,LE 592.86,https://speedcubeshop.com/collections/plastic-kits/products/oz-00ms-tallgeese-ew-rg-model-kit-gundam-wing-endless-waltz
Eevee Pokemon Model (Quick) - Bandai Spirits 07,LE 190.60,https://speedcubeshop.com/collections/plastic-kits/products/eevee-pokemon-model-quick-bandai-spirits-07
RX-93 Nu Gundam (Ver. Ka) MG Model Kit - Char's Counterattack,"LE 1,435.70",https://speedcubeshop.com/collections/plastic-kits/products/rx-93-nu-gundam-ver-ka-mg-model-kit-chars-counterattack
Aile Strike Gundam (Ver. RM) MG Model Kit - Gundam SEED,LE 899.35,https://speedcubeshop.com/collections/plastic-kits/products/aile-strike-gundam-ver-rm-mg-model-kit-gundam-seed
Strike Freedom Gundam SD Ex-Standard Model Kit - Gundam SEED Destiny,LE 133.13,https://speedcubeshop.com/collections/plastic-kits/products/strike-freedom-gundam-sd-ex-standard-model-kit-gundam-seed-destiny
Freedom Gundam SDGCS #08 Model Kit - Gundam SEED,LE 228.91,https://speedcubeshop.com/collections/plastic-kits/products/freedom-gundam-sdgcs-08-model-kit-gundam-seed
Freedom Gundam V2 MG Model Kit - Gundam SEED,LE 956.82,https://speedcubeshop.com/collections/plastic-kits/products/freedom-gundam-v2-mg-model-kit-gundam-seed
Wing Zero Gundam MG Model Kit - Gundam Wing: Endless Waltz,LE 803.57,https://speedcubeshop.com/collections/plastic-kits/products/wing-zero-gundam-mg-model-kit-gundam-wing-endless-waltz
Darth Vader Plastic Model Kit - Star Wars,LE 573.71,https://speedcubeshop.com/collections/plastic-kits/products/darth-vader-plastic-model-kit-star-wars
Super Saiyan God Son Goku Model Kit - Dragon Ball,LE 228.91,https://speedcubeshop.com/collections/plastic-kits/products/super-saiyan-god-son-goku-model-kit-dragon-ball
Entry Nipper Tool - Bandai Spirits - Blue,LE 190.60,https://speedcubeshop.com/collections/plastic-kits/products/entry-nipper-tool-bandai-spirits
RX-78-2 Gundam (Ver. 3.0) MG Model Kit - Mobile Suit Gundam,LE 937.66,https://speedcubeshop.com/collections/plastic-kits/products/rx-78-2-gundam-ver-3-0-mg-model-kit-mobile-suit-gundam
OZ-00MS Tallgeese (EW) RG Model Kit - Gundam Wing: Endless Waltz,LE 592.86,https://speedcubeshop.com/collections/plastic-kits/products/oz-00ms-tallgeese-ew-rg-model-kit-gundam-wing-endless-waltz
Eevee Pokemon Model (Quick) - Bandai Spirits 07,LE 190.60,https://speedcubeshop.com/collections/plastic-kits/products/eevee-pokemon-model-quick-bandai-spirits-07
RX-93 Nu Gundam (Ver. Ka) MG Model Kit - Char's Counterattack,"LE 1,435.70",https://speedcubeshop.com/collections/plastic-kits/products/rx-93-nu-gundam-ver-ka-mg-model-kit-chars-counterattack
Aile Strike Gundam (Ver. RM) MG Model Kit - Gundam SEED,LE 899.35,https://speedcubeshop.com/collections/plastic-kits/products/aile-strike-gundam-ver-rm-mg-model-kit-gundam-seed
Strike Freedom Gundam SD Ex-Standard Model Kit - Gundam SEED Destiny,LE 133.13,https://speedcubeshop.com/collections/plastic-kits/products/strike-freedom-gundam-sd-ex-standard-model-kit-gundam-seed-destiny
Freedom Gundam SDGCS #08 Model Kit - Gundam SEED,LE 228.91,https://speedcubeshop.com/collections/plastic-kits/products/freedom-gundam-sdgcs-08-model-kit-gundam-seed
Freedom Gundam V2 MG Model Kit - Gundam SEED,LE 956.82,https://speedcubeshop.com/collections/plastic-kits/products/freedom-gundam-v2-mg-model-kit-gundam-seed
Wing Zero Gundam MG Model Kit - Gundam Wing: Endless Waltz,LE 803.57,https://speedcubeshop.com/collections/plastic-kits/products/wing-zero-gundam-mg-model-kit-gundam-wing-endless-waltz
Darth Vader Plastic Model Kit - Star Wars,LE 573.71,https://speedcubeshop.com/collections/plastic-kits/products/darth-vader-plastic-model-kit-star-wars
Super Saiyan God Son Goku Model Kit - Dragon Ball,LE 228.91,https://speedcubeshop.com/collections/plastic-kits/products/super-saiyan-god-son-goku-model-kit-dragon-ball
Entry Nipper Tool - Bandai Spirits - Blue,LE 190.60,https://speedcubeshop.com/collections/plastic-kits/products/entry-nipper-tool-bandai-spirits
RX-78-2 Gundam (Ver. 3.0) MG Model Kit - Mobile Suit Gundam,LE 937.66,https://speedcubeshop.com/collections/plastic-kits/products/rx-78-2-gundam-ver-3-0-mg-model-kit-mobile-suit-gundam
OZ-00MS Tallgeese (EW) RG Model Kit - Gundam Wing: Endless Waltz,LE 592.86,https://speedcubeshop.com/collections/plastic-kits/products/oz-00ms-tallgeese-ew-rg-model-kit-gundam-wing-endless-waltz
Eevee Pokemon Model (Quick) - Bandai Spirits 07,LE 190.60,https://speedcubeshop.com/collections/plastic-kits/products/eevee-pokemon-model-quick-bandai-spirits-07
RX-93 Nu Gundam (Ver. Ka) MG Model Kit - Char's Counterattack,"LE 1,435.70",https://speedcubeshop.com/collections/plastic-kits/products/rx-93-nu-gundam-ver-ka-mg-model-kit-chars-counterattack
Aile Strike Gundam (Ver. RM) MG Model Kit - Gundam SEED,LE 899.35,https://speedcubeshop.com/collections/plastic-kits/products/aile-strike-gundam-ver-rm-mg-model-kit-gundam-seed
Strike Freedom Gundam SD Ex-Standard Model Kit - Gundam SEED Destiny,LE 133.13,https://speedcubeshop.com/collections/plastic-kits/products/strike-freedom-gundam-sd-ex-standard-model-kit-gundam-seed-destiny
Freedom Gundam SDGCS #08 Model Kit - Gundam SEED,LE 228.91,https://speedcubeshop.com/collections/plastic-kits/products/freedom-gundam-sdgcs-08-model-kit-gundam-seed
Freedom Gundam V2 MG Model Kit - Gundam SEED,LE 956.82,https://speedcubeshop.com/collections/plastic-kits/products/freedom-gundam-v2-mg-model-kit-gundam-seed
Wing Zero Gundam MG Model Kit - Gundam Wing: Endless Waltz,LE 803.57,https://speedcubeshop.com/collections/plastic-kits/products/wing-zero-gundam-mg-model-kit-gundam-wing-endless-waltz
Darth Vader Plastic Model Kit - Star Wars,LE 573.71,https://speedcubeshop.com/collections/plastic-kits/products/darth-vader-plastic-model-kit-star-wars
